/*
 Navicat Premium Data Transfer

 Source Server         : localhost
 Source Server Type    : MySQL
 Source Server Version : 50726
 Source Host           : localhost:3306
 Source Schema         : kvf_admin

 Target Server Type    : MySQL
 Target Server Version : 50726
 File Encoding         : 65001

 Date: 21/12/2020 18:23:50
*/

SET NAMES utf8mb4;
SET FOREIGN_KEY_CHECKS = 0;

-- ----------------------------
-- Table structure for act_evt_log
-- ----------------------------
DROP TABLE IF EXISTS `act_evt_log`;
CREATE TABLE `act_evt_log`  (
  `LOG_NR_` bigint(20) NOT NULL AUTO_INCREMENT,
  `TYPE_` varchar(64) CHARACTER SET utf8 COLLATE utf8_bin NULL DEFAULT NULL,
  `PROC_DEF_ID_` varchar(64) CHARACTER SET utf8 COLLATE utf8_bin NULL DEFAULT NULL,
  `PROC_INST_ID_` varchar(64) CHARACTER SET utf8 COLLATE utf8_bin NULL DEFAULT NULL,
  `EXECUTION_ID_` varchar(64) CHARACTER SET utf8 COLLATE utf8_bin NULL DEFAULT NULL,
  `TASK_ID_` varchar(64) CHARACTER SET utf8 COLLATE utf8_bin NULL DEFAULT NULL,
  `TIME_STAMP_` timestamp(3) NOT NULL DEFAULT CURRENT_TIMESTAMP(3) ON UPDATE CURRENT_TIMESTAMP(3),
  `USER_ID_` varchar(255) CHARACTER SET utf8 COLLATE utf8_bin NULL DEFAULT NULL,
  `DATA_` longblob NULL,
  `LOCK_OWNER_` varchar(255) CHARACTER SET utf8 COLLATE utf8_bin NULL DEFAULT NULL,
  `LOCK_TIME_` timestamp(3) NULL DEFAULT NULL,
  `IS_PROCESSED_` tinyint(4) NULL DEFAULT 0,
  PRIMARY KEY (`LOG_NR_`) USING BTREE
) ENGINE = InnoDB AUTO_INCREMENT = 1 CHARACTER SET = utf8 COLLATE = utf8_bin ROW_FORMAT = Dynamic;

-- ----------------------------
-- Table structure for act_ge_bytearray
-- ----------------------------
DROP TABLE IF EXISTS `act_ge_bytearray`;
CREATE TABLE `act_ge_bytearray`  (
  `ID_` varchar(64) CHARACTER SET utf8 COLLATE utf8_bin NOT NULL,
  `REV_` int(11) NULL DEFAULT NULL,
  `NAME_` varchar(255) CHARACTER SET utf8 COLLATE utf8_bin NULL DEFAULT NULL,
  `DEPLOYMENT_ID_` varchar(64) CHARACTER SET utf8 COLLATE utf8_bin NULL DEFAULT NULL,
  `BYTES_` longblob NULL,
  `GENERATED_` tinyint(4) NULL DEFAULT NULL,
  PRIMARY KEY (`ID_`) USING BTREE,
  INDEX `ACT_FK_BYTEARR_DEPL`(`DEPLOYMENT_ID_`) USING BTREE,
  CONSTRAINT `ACT_FK_BYTEARR_DEPL` FOREIGN KEY (`DEPLOYMENT_ID_`) REFERENCES `act_re_deployment` (`ID_`) ON DELETE RESTRICT ON UPDATE RESTRICT
) ENGINE = InnoDB CHARACTER SET = utf8 COLLATE = utf8_bin ROW_FORMAT = Dynamic;

-- ----------------------------
-- Records of act_ge_bytearray
-- ----------------------------
INSERT INTO `act_ge_bytearray` VALUES ('15002', 1, '出差模板.bpmn20.xml', '15001', 0x3C3F786D6C2076657273696F6E3D22312E302220656E636F64696E673D225554462D38223F3E0A3C646566696E6974696F6E7320786D6C6E733D22687474703A2F2F7777772E6F6D672E6F72672F737065632F42504D4E2F32303130303532342F4D4F44454C2220786D6C6E733A7873693D22687474703A2F2F7777772E77332E6F72672F323030312F584D4C536368656D612D696E7374616E63652220786D6C6E733A7873643D22687474703A2F2F7777772E77332E6F72672F323030312F584D4C536368656D612220786D6C6E733A61637469766974693D22687474703A2F2F61637469766974692E6F72672F62706D6E2220786D6C6E733A62706D6E64693D22687474703A2F2F7777772E6F6D672E6F72672F737065632F42504D4E2F32303130303532342F44492220786D6C6E733A6F6D6764633D22687474703A2F2F7777772E6F6D672E6F72672F737065632F44442F32303130303532342F44432220786D6C6E733A6F6D6764693D22687474703A2F2F7777772E6F6D672E6F72672F737065632F44442F32303130303532342F44492220747970654C616E67756167653D22687474703A2F2F7777772E77332E6F72672F323030312F584D4C536368656D61222065787072657373696F6E4C616E67756167653D22687474703A2F2F7777772E77332E6F72672F313939392F585061746822207461726765744E616D6573706163653D22687474703A2F2F7777772E61637469766974692E6F72672F70726F63657373646566223E0A20203C70726F636573732069643D2270726F636573732220697345786563757461626C653D2274727565223E0A202020203C73746172744576656E742069643D227369642D35363932414241382D344443392D343342372D424242452D393232463642333333394443223E3C2F73746172744576656E743E0A202020203C757365725461736B2069643D227369642D43443836383445462D423335392D343730342D413436382D35454634393638313335463922206E616D653D22E5A1ABE58699E8A1A8E58D95223E3C2F757365725461736B3E0A202020203C73657175656E6365466C6F772069643D227369642D42453344383936462D464232352D343744372D423737322D4530394339443643384546322220736F757263655265663D227369642D35363932414241382D344443392D343342372D424242452D39323246364233333339444322207461726765745265663D227369642D43443836383445462D423335392D343730342D413436382D354546343936383133354639223E3C2F73657175656E6365466C6F773E0A202020203C757365725461736B2069643D227369642D30373041423937412D463136382D343946302D414131432D31453634343333304444313922206E616D653D22E4BABAE4BA8BE5AEA1E689B9223E3C2F757365725461736B3E0A202020203C73657175656E6365466C6F772069643D227369642D36393333393330352D454544312D344532332D394636452D3735353144393231373945302220736F757263655265663D227369642D43443836383445462D423335392D343730342D413436382D35454634393638313335463922207461726765745265663D227369642D30373041423937412D463136382D343946302D414131432D314536343433333044443139223E3C2F73657175656E6365466C6F773E0A202020203C757365725461736B2069643D227369642D43354238423232422D393532432D343942422D413244372D45394644423034373333314422206E616D653D22E9A286E5AFBCE5AEA1E689B9223E3C2F757365725461736B3E0A202020203C73657175656E6365466C6F772069643D227369642D38323634443238462D413542362D343043342D414444302D3435323442324635373546412220736F757263655265663D227369642D30373041423937412D463136382D343946302D414131432D31453634343333304444313922207461726765745265663D227369642D43354238423232422D393532432D343942422D413244372D453946444230343733333144223E3C2F73657175656E6365466C6F773E0A202020203C656E644576656E742069643D227369642D45303544353833312D303942432D344542422D394246382D39413633453337413232333022206E616D653D22E7BB93E69D9F223E3C2F656E644576656E743E0A202020203C73657175656E6365466C6F772069643D227369642D41324138383030302D373332332D343846452D413036362D3733433041413431413539362220736F757263655265663D227369642D43354238423232422D393532432D343942422D413244372D45394644423034373333314422207461726765745265663D227369642D45303544353833312D303942432D344542422D394246382D394136334533374132323330223E3C2F73657175656E6365466C6F773E0A20203C2F70726F636573733E0A20203C62706D6E64693A42504D4E4469616772616D2069643D2242504D4E4469616772616D5F70726F63657373223E0A202020203C62706D6E64693A42504D4E506C616E652062706D6E456C656D656E743D2270726F63657373222069643D2242504D4E506C616E655F70726F63657373223E0A2020202020203C62706D6E64693A42504D4E53686170652062706D6E456C656D656E743D227369642D35363932414241382D344443392D343342372D424242452D393232463642333333394443222069643D2242504D4E53686170655F7369642D35363932414241382D344443392D343342372D424242452D393232463642333333394443223E0A20202020202020203C6F6D6764633A426F756E6473206865696768743D2233302E30222077696474683D2233302E302220783D2233302E302220793D223135302E30223E3C2F6F6D6764633A426F756E64733E0A2020202020203C2F62706D6E64693A42504D4E53686170653E0A2020202020203C62706D6E64693A42504D4E53686170652062706D6E456C656D656E743D227369642D43443836383445462D423335392D343730342D413436382D354546343936383133354639222069643D2242504D4E53686170655F7369642D43443836383445462D423335392D343730342D413436382D354546343936383133354639223E0A20202020202020203C6F6D6764633A426F756E6473206865696768743D2238302E30222077696474683D223130302E302220783D223130352E302220793D223132352E30223E3C2F6F6D6764633A426F756E64733E0A2020202020203C2F62706D6E64693A42504D4E53686170653E0A2020202020203C62706D6E64693A42504D4E53686170652062706D6E456C656D656E743D227369642D30373041423937412D463136382D343946302D414131432D314536343433333044443139222069643D2242504D4E53686170655F7369642D30373041423937412D463136382D343946302D414131432D314536343433333044443139223E0A20202020202020203C6F6D6764633A426F756E6473206865696768743D2238302E30222077696474683D223130302E302220783D223235302E302220793D223132352E30223E3C2F6F6D6764633A426F756E64733E0A2020202020203C2F62706D6E64693A42504D4E53686170653E0A2020202020203C62706D6E64693A42504D4E53686170652062706D6E456C656D656E743D227369642D43354238423232422D393532432D343942422D413244372D453946444230343733333144222069643D2242504D4E53686170655F7369642D43354238423232422D393532432D343942422D413244372D453946444230343733333144223E0A20202020202020203C6F6D6764633A426F756E6473206865696768743D2238302E30222077696474683D223130302E302220783D223339352E302220793D223132352E30223E3C2F6F6D6764633A426F756E64733E0A2020202020203C2F62706D6E64693A42504D4E53686170653E0A2020202020203C62706D6E64693A42504D4E53686170652062706D6E456C656D656E743D227369642D45303544353833312D303942432D344542422D394246382D394136334533374132323330222069643D2242504D4E53686170655F7369642D45303544353833312D303942432D344542422D394246382D394136334533374132323330223E0A20202020202020203C6F6D6764633A426F756E6473206865696768743D2232382E30222077696474683D2232382E302220783D223534302E302220793D223135312E30223E3C2F6F6D6764633A426F756E64733E0A2020202020203C2F62706D6E64693A42504D4E53686170653E0A2020202020203C62706D6E64693A42504D4E456467652062706D6E456C656D656E743D227369642D36393333393330352D454544312D344532332D394636452D373535314439323137394530222069643D2242504D4E456467655F7369642D36393333393330352D454544312D344532332D394636452D373535314439323137394530223E0A20202020202020203C6F6D6764693A776179706F696E7420783D223230352E302220793D223136352E30223E3C2F6F6D6764693A776179706F696E743E0A20202020202020203C6F6D6764693A776179706F696E7420783D223235302E302220793D223136352E30223E3C2F6F6D6764693A776179706F696E743E0A2020202020203C2F62706D6E64693A42504D4E456467653E0A2020202020203C62706D6E64693A42504D4E456467652062706D6E456C656D656E743D227369642D41324138383030302D373332332D343846452D413036362D373343304141343141353936222069643D2242504D4E456467655F7369642D41324138383030302D373332332D343846452D413036362D373343304141343141353936223E0A20202020202020203C6F6D6764693A776179706F696E7420783D223439352E302220793D223136352E30223E3C2F6F6D6764693A776179706F696E743E0A20202020202020203C6F6D6764693A776179706F696E7420783D223534302E302220793D223136352E30223E3C2F6F6D6764693A776179706F696E743E0A2020202020203C2F62706D6E64693A42504D4E456467653E0A2020202020203C62706D6E64693A42504D4E456467652062706D6E456C656D656E743D227369642D42453344383936462D464232352D343744372D423737322D453039433944364338454632222069643D2242504D4E456467655F7369642D42453344383936462D464232352D343744372D423737322D453039433944364338454632223E0A20202020202020203C6F6D6764693A776179706F696E7420783D2236302E302220793D223136352E30223E3C2F6F6D6764693A776179706F696E743E0A20202020202020203C6F6D6764693A776179706F696E7420783D223130352E302220793D223136352E30223E3C2F6F6D6764693A776179706F696E743E0A2020202020203C2F62706D6E64693A42504D4E456467653E0A2020202020203C62706D6E64693A42504D4E456467652062706D6E456C656D656E743D227369642D38323634443238462D413542362D343043342D414444302D343532344232463537354641222069643D2242504D4E456467655F7369642D38323634443238462D413542362D343043342D414444302D343532344232463537354641223E0A20202020202020203C6F6D6764693A776179706F696E7420783D223335302E302220793D223136352E30223E3C2F6F6D6764693A776179706F696E743E0A20202020202020203C6F6D6764693A776179706F696E7420783D223339352E302220793D223136352E30223E3C2F6F6D6764693A776179706F696E743E0A2020202020203C2F62706D6E64693A42504D4E456467653E0A202020203C2F62706D6E64693A42504D4E506C616E653E0A20203C2F62706D6E64693A42504D4E4469616772616D3E0A3C2F646566696E6974696F6E733E, 0);
INSERT INTO `act_ge_bytearray` VALUES ('15003', 1, '出差模板.process.png', '15001', 0x89504E470D0A1A0A0000000D4948445200000242000000D70806000000F6933ED9000011C84944415478DAEDDD7BAC5D639F07F0262288889110F1878844C45F22121131C46B225EAF3F44220EA72D4DABDA342EAD4BF04AB52F35AA4A83312E112F8D102345A7414B6F1415E3529D32A60D454B394DA76FD5ADB7B366FD56FA9CACAEEE737A7ADB67EDEDF3499E9CDDBDF7B9F4ECEFF93DBFF5ACCB1E340800000000000000000000000000000000000000000000000000000000000000000000000000000000000000000000000000000000000000000000000000000000000000000000000000000000000000000000000000000000000000000000000000000000000000000000000000000000000000000000000000000000000000000000000000000000000000000000000000000000000000000000000000000000000000000000000000000000000000000000000000000000000000000000000000000000000000000000000000000000000000000000000000000000000000000000000000000000000000000000000000000000000000000000000000000000000000000000000000000000000000000000000000000000F6852CCB0EFEEAABAF562D5EBC389B376F5EF6E69B6F1A4D1E73E7CECDDE7EFBEDEE7C3C2A43860CC9900C411345F159B46851D6D5D5956DDAB4C918A0B176EDDA6CE1C285DD79319A2A43860C1932044D125B608A4F7D8A50BE65B649860C193264089A2496A1FDF1D767C412B50C193264C810344904DE1FBE0224433224438646088D501FE3E77FACC9BEFAAFBF679FCDBDB318713BEE5334142019922119922168EB4668E3FAEFB26573C6679FBE7AF30E23EE8BC7140E93980CC9900CC910B46D23B4EAB3FFDCA9F8A4B1FAB3590A87494C866448866408DAB711FA9F05F7F65A80E23185C324264332244332046DDB082D7B7362AF05281E53384C62322443322443A011324C62322443322443D06E0528CECEE8AD00C5630A87494C866448866408DAB6115AF1EEBFF55A80E23185C324264332244332046DDB08ADFB6E69B6EC8D093B2F47E7F7C5630A87494C866448866408DAB6118AB1F2C3E93B15A0B84FD15080644886644886A0BD1BA1DF7FCF56BCF7E8CECBD1F97DF198C2611293211992211982B66C84E28AADCBDF7DB8D77DF3F198ABBA9AC4644886644886A0BD1AA17C0B6BCD8AF9D97FCFFE6BAFC5278D784E3CD75699494C8664488664085ABE00ED6AEBCB569902244332244332046DDB08F567EBABAFAD3285C424264332244332042D5B80F6B4F8A4A19098C4644886644886A0B5F7CD1B0A900CC9900CC91068840C054886644886640834428602244332244332041A214301922119922119A2C56559F64F4B972E7D76FAF4E9FF983C7972F775D75D970D1B362CBBECB2CBB22143866463C68CC96EBFFDF62DF7DE7BEF5753A64CF9B346C850806448866448865AD7E0C1834FEBE8E8F88F7C9E5F75F9E5976FCE3F76C79CBF7D6CC9C7F7F99815CF6BFB0668C68C195FDE75D75DD9D8B163B3C71F7F3C7BFFFDF7B3EFBEFB2EFBEDB7DFB2101FBBBABAB28F3EFA287BE69967B2EBAFBF3E1B376EDC96ABAFBEFA698D90A100C9900CC9900CB58EBCE9B9276F70D6E51FB352E3D3E7C89FBBBEB3B3F3D1B66B82F286E7EF93264DCA6EBEF9E6A2C9D9BA756BD65F4B962CC96EBDF5D66CD4A8519B2EB9E4927FD108190A900CC9900CC950AD1BA07FCEC7DAFE363FBD8C0D6D31E7E77DCCC13367CE5C3F7AF4E86CD6AC59BBD50055CD9E3D3B1B316244D62EAB430A9002244332244346BB35421D1D1D0F75767696777D6583070FCEEEB9E79E6CFEFCF9D9B7DF7E9BFDF4D34FC5BCFECB2FBF147B85DE7DF7DD6CDAB469D9D0A143ABCD50774BAF0E4513B460C1829FAFBDF6DA6CF9F2E5D9BEF0F5D75F67D1545D75D5552F68840C93980CC9900CC950AD9AA0BF9577834503F4ECB3CF1687BCF4C7FAF5EB8BE7C7E75576973DD392BF9058098A26A8BFBF80FE8AAF3772E4C8EE56DF87A80029403224433264B44B23142B41E526E8861B6E28567FF6447C5E1C4A536E865A6ECE8F638262E5665FAD04355A191A3A746834437FD108192631438664488606F698A0F2EEB0091326F4ECFEDA53B1DBECEEBBEFAEEE266B8D393FCE0EBBF3CE3B8B6382F6A7D75E7BAD7BF0E0C11B35428649CC90211992A1016D84D6955782F6B6092A37439595A10D2DF10B79E9A59756C60FBE79F3E66C7F1B3366CCB656DD45A60029403224433264B47A86B69F22DF734CD09EEE0EEB6B3759F998A1DACFF9B11A14D7098A53E49BE1D34F3FCD5A75554801528064488664C868F50CC57582529312073AEF0FCF3FFF7CEBAC0AC515A3E300E9BD394D7E770D1F3E7C5BEC9FAC5328F29F678C02A400C9900CC990D1CE198A2B41A703A463D566DDBA75FB659E8FB3C9CAA7D6D769CEDF49BC6DC6934F3E9935D3B469D37E8D4B73D7283CE9C55AD7D1D1719502A400C9900CC990D18E19DAFEB619C5F3A64C99B2BFE7FAF2AAD0ACDA3642F1DE61F1B619CDF4DE7BEFC5FB94FC50C3F0A4B1B65157AD0029403224433264B47286E2BDC3D2E30B172EDCAF737D5C74B1F4B3FC50DB4628DE4075CD9A354D6D847EF8E1876DF92F656B8DC3D3D3559743A40029403224433264B47286B6BF816A71FFBE3E48BA2AAE405DFA19B6D6B6118A77914F6FA0DA2CF1FDE217D302E1E9E9AA63995101528064488664C868E50C95FFBDAF4E99EFEB54FAF2F7ABF3D1E3D940D8CB37761B90A100D56BC8902143860CEDF968F65C5FDB46E8CA2BAF6CFA8AD0AFBFFEBAAD4556847E8EF76139E79C730E1E8825E9FC5B660F3CF0C04EF7C5E50EAACF8DD7301E3BFFFCF3B32BAEB862873173E6CC6CFAF4E9C5E37D7DAFB8A8D6AE7EA665CB9615CFFDFEFBEF7B3E2FBE872DB17A66A8FA1A777676F6FBF9919B134F3C71B7BEFED4A95377F99C9B6EBAA9B8FDC20B2F14B94DF7C769BC3254BF0C7DF1C5173D7FF38B172FCE2EBDF4D262A4DA128F3DF1C4133DCFFFE0830FB28B2FBEB8E739BD3D4F8606264371B5672B4215D75C734DD38F11CAFFA036D5FC18A11D0ACF40ED9B8F3FECA54B97662B57AECC2EB8E0829E621205E6E5975F2E6EAF5DBBB678EEB1C71E9B1D7FFCF1C5FD1F7EF8E12E1B9DF8BA175D745131D2D74DB7D3BFAB0D577CEDF4D88B2FBE983DF5D453D911471C51DC1FDF5B01AA5F86AA1938F7DC731B3E1693C9E9A79F5E8C34711D73CC31C5489988D73BBEC6EAD5AB8BCF79EBADB78AFBCBCF3FEBACB37A9E3F63C68C9D72119F1F67A9A6DBD1A0A7DB31A9C950FD3274E0810766871F7E781CDBD9D374BCFAEAABC56B16135DF5F9471D7554C39C356A5464A8F919728C5003E3C78FDFDCECB3C6E6CC99D355D3B3C636C61537AB85A7D905280A4E6A381E79E491ECB4D34ECB162C58D0735F4C485198962C59B2437188EB41C4C7534E396587E2124D4BDC1F0D557A7E14B0458B1615FFEF6A23145FFFD0430F6D58C852A189DB717C59DC4EDF379A2B05A81E19EAAD118A49AAB7C723132B56AC285615AB8D5064E8A4934EEA350F8D562B6302BDEDB6DB8ADB91BD94B3B3CF3EBB678532561BCA4D7F7C7CF0C10765A82619DAB87163F19A7CFEF9E7C5C7684CA20989FA3366CC989ED7B4DC10C56B1B1B48B1E1555D118AAF931A69191A980C396BAC81FBEEBBEF7F9B7D1DA189132776D5EC3A420DB7BCEA5080A2F0C4BFA3B09C71C6193BACD84423D39FADAEBE26BE465B597D4DA4679E7966F1FD0F38E080ECE4934F2E6E47218B9FEF0FBE2556BB0C35DA757AD04107F5F9BC68780E3BECB09D1AA1238F3CB2D8DD51CDE8BC79F376C8E4F0E1C38BDBF1DC46BB4CAB5BF3471F7D74F6C61B6F14B763CB3F560864A83E198AD725CE2C8E06F99B6FBEC9468D1A55DCB761C386E2754ECF8955E1F439C71D775CD1A854BF564C8A7191BDF2AAA20C353F43AE23D4C01D77DCF1A7D83DD6CC2B4B7776766EAEF555266B328995B796FAD308C56EB2D4AC548F118AE214AB4BF1BCD8D71F4BD731CA5B6BE55D63F17DE3BE3826A0FCF3C444D9DB8A50DA327369FBFA3542F13AC66B14394ABB371A8DD8C51AA3DA0845D35B6D841A65224D8EAFBFFE7AB16AD0E8F93149C6EEDB72BEE2F6C30F3FECED116A94A1F87B8EE37DD2EB132BC5D595975895AE3642D1D8C47D51AFCE3BEFBCECB1C71ECB4E3DF5D4E2E321871C52DC96A1811357962EBFCFD8FEBCB2F49021435AE3CAD261DCB8719B9BF55E6373E6CC59D932EF46DB628D508C2FBFFCB25F0721965783A2E0C4E3D110A725E8B48C6D45A83D1AA1747C50EC621DD4C741F3E55CC4EB1B231D381D9F576DA2CA99286FCD4703158D75F998B438C0B57CC06C7502FCA31FDF51C70CC54A50BC9EB1BB3D9A9AD4F8C4EA50B9218A4628B21335AA5CA7CA1B5AB1BB2A1A95B8BD6AD52A191AD89523EF35563562C488076EBCF1C666AC0A75777676FEEADDE7773D5233125B4FD1F0C4BEF2284A8DB6A2AA07BA56F7CB7FFCF1C7C5C79804ABDFE7E9A79F2E1E4BBBE2E239D1E4A483B06344D14A5F2BCE3AAA3642B1FB2EF6EBC7E3D1542940F56A84D26EB1F216FDE4C99377CA5B1C901FA3D1C1D2E3C78FCFC68E1D5B7C6E9C39B8BB93581CF7164D7A798BBF3A89A549B57C0C890C0D6C86A2B9299F95955661D2D9A3E56387CA8D74F9B54DFFEEEDB81D196A3EEF3EDF8B51A346FD366BD6ACFDDA05C5F148D119EE6A1FF81FBD00A53FE6584A8E7FA7FDDF69824A05A3FC07DFE8EC8DBE8E1D8A2DBB284CB19273CB2DB7EC705C52FABEBBFA7A69D7980B99D5BB111A54B9C441DAAA4F67DBA46629469C0DD4A8116A748C505A4D2C7F9F3441C56E95EA8A62A3E33B22EB69728D662C26B5BE76DDC9507333141B44312FC4EB9C4EB6885DA7B111941A90A84FD5CF4B198BE38276D508C9D0803543EB53A31207B6EFAB53E9632E8A8595F26A50CBCCF9B1FF2E3AF1E5CB97EF9726280FEB9AFC7B6CCB3BC3BF0C6A5103B55B2382955688E2F89E18691F7C5F9F17CBD751645263955684229CB1759F0E6C8CAF73E1851716C5251DEF9396BBE36BF46772D508D577F76AA306269AE2782C2F503B34D1A9214AD76849935DAC00349A94AADF2B4D628D0EFE4F8D76AC42A6E7A7DD6DF171C28409C5C77496900CD52343719C50BC2ECF3DF75CF1EFB40A142BC5B1D134A872466A1A713C501CBF9336E4D2AA910CD567CECFE7826DA96189DFDDDE3643514B264D9A546E82BA5B6ECE1F3264C8BFC759015D5D5DFBB409CAFF6036E4BFF42DADBA4B6C201BA1684C62ABEA84134E68583476555C52118B83D61A3D1EFBDAE3F1EA9916B13BADD1818A8D2E6AA611AA5F8662928AB369CA07B136DA128FD7B1FA33C51941E9D4E438AB64779AAEDE26B11891D54195835BCB07E3CB507DEB50EC9A8FCB2A449D8883A1CB8FC58A515CE2A3B7DDB2A9C6444D91A17AE9E8E878A87CDDA15819DAD3DD64F1799595A0AC65E7FC7CC27C6AE4C891DDFB6A6568FB4AD096FC173E7B508B73697BEFF1234332244346BB3442216F589E2C372F716C4FAC18C7595FFD3D3B2C0E8C2E1F1314A3E5E7FCE812F386A8FB95575EE9DE8B03A8BBEFBFFFFE15B13B2C7ED183DA8002A400C9900CC990D14E8D509AF3F3D15D6D886245382EBA18AB3D69B759ECFE8A2B46C79E8A871E7A288BB7E9AA5CCDBABB5DE6FC62FF616767E7FF8D1E3D7ADB279F7CB25B1D501E8C6FF246EAE73848AA958F09528014201992211932DABD112A1D33B46E2FDFC8B5ADE6FC72A738351AA261C3866D9B3C79F2EFEFBCF3CED6D5AB576F4D6FD41A6FA01AEF1D3677EEDC1F274E9CB8367FEE96F8654447D8AA678729400A900CC9900C197FA446A83CE7EF4143D49673FE4EE26A9479C7F8F2F6F729D952F9256C8DF711894B68B7E215A315200548866448860C8D90391F05480192211992214323040A9002244332244386460814200548866448860C8D1028400A900CC9900C191A213442FEF015201992211932344268840C0548866448866448238446C850806448866448864023642840322443322443A011321420199221199221D008190A900CC9900CC91068840C054886644886640834428649CC6B2743322443A011324C62860CC9900C81026498C40C199221190205C830891932244332040A9061123364488664081420C32466C8900CC91028408649CC902119922150800C939821435E3B190205C83089193264C81028400A900C193264C81034C3BC79F3FCE12B4032244332646884F8635AB468D1B6AEAE2E7FFC3518AB57AFFE262F409B64C890214386A049E6CF9FFFAF0B172EECFEF1C71F1581012E3E73E7CEDD928FA93264C8902143D04479E8FF966F01FC1CCBA1C6808D4DAD5C7C64488664488600000000000000000000000000000000000000006803FF0F891C8BBABBF6C8670000000049454E44AE426082, 1);
INSERT INTO `act_ge_bytearray` VALUES ('15006', 1, '出差模板.bpmn20.xml', '15005', 0x3C3F786D6C2076657273696F6E3D22312E302220656E636F64696E673D225554462D38223F3E0A3C646566696E6974696F6E7320786D6C6E733D22687474703A2F2F7777772E6F6D672E6F72672F737065632F42504D4E2F32303130303532342F4D4F44454C2220786D6C6E733A7873693D22687474703A2F2F7777772E77332E6F72672F323030312F584D4C536368656D612D696E7374616E63652220786D6C6E733A7873643D22687474703A2F2F7777772E77332E6F72672F323030312F584D4C536368656D612220786D6C6E733A61637469766974693D22687474703A2F2F61637469766974692E6F72672F62706D6E2220786D6C6E733A62706D6E64693D22687474703A2F2F7777772E6F6D672E6F72672F737065632F42504D4E2F32303130303532342F44492220786D6C6E733A6F6D6764633D22687474703A2F2F7777772E6F6D672E6F72672F737065632F44442F32303130303532342F44432220786D6C6E733A6F6D6764693D22687474703A2F2F7777772E6F6D672E6F72672F737065632F44442F32303130303532342F44492220747970654C616E67756167653D22687474703A2F2F7777772E77332E6F72672F323030312F584D4C536368656D61222065787072657373696F6E4C616E67756167653D22687474703A2F2F7777772E77332E6F72672F313939392F585061746822207461726765744E616D6573706163653D22687474703A2F2F7777772E61637469766974692E6F72672F70726F63657373646566223E0A20203C70726F636573732069643D2270726F636573732220697345786563757461626C653D2274727565223E0A202020203C73746172744576656E742069643D227369642D35363932414241382D344443392D343342372D424242452D393232463642333333394443223E3C2F73746172744576656E743E0A202020203C757365725461736B2069643D227369642D43443836383445462D423335392D343730342D413436382D35454634393638313335463922206E616D653D22E5A1ABE58699E8A1A8E58D95223E3C2F757365725461736B3E0A202020203C73657175656E6365466C6F772069643D227369642D42453344383936462D464232352D343744372D423737322D4530394339443643384546322220736F757263655265663D227369642D35363932414241382D344443392D343342372D424242452D39323246364233333339444322207461726765745265663D227369642D43443836383445462D423335392D343730342D413436382D354546343936383133354639223E3C2F73657175656E6365466C6F773E0A202020203C757365725461736B2069643D227369642D30373041423937412D463136382D343946302D414131432D31453634343333304444313922206E616D653D22E4BABAE4BA8BE5AEA1E689B9223E3C2F757365725461736B3E0A202020203C73657175656E6365466C6F772069643D227369642D36393333393330352D454544312D344532332D394636452D3735353144393231373945302220736F757263655265663D227369642D43443836383445462D423335392D343730342D413436382D35454634393638313335463922207461726765745265663D227369642D30373041423937412D463136382D343946302D414131432D314536343433333044443139223E3C2F73657175656E6365466C6F773E0A202020203C757365725461736B2069643D227369642D43354238423232422D393532432D343942422D413244372D45394644423034373333314422206E616D653D22E9A286E5AFBCE5AEA1E689B9223E3C2F757365725461736B3E0A202020203C73657175656E6365466C6F772069643D227369642D38323634443238462D413542362D343043342D414444302D3435323442324635373546412220736F757263655265663D227369642D30373041423937412D463136382D343946302D414131432D31453634343333304444313922207461726765745265663D227369642D43354238423232422D393532432D343942422D413244372D453946444230343733333144223E3C2F73657175656E6365466C6F773E0A202020203C656E644576656E742069643D227369642D45303544353833312D303942432D344542422D394246382D39413633453337413232333022206E616D653D22E7BB93E69D9F223E3C2F656E644576656E743E0A202020203C73657175656E6365466C6F772069643D227369642D41324138383030302D373332332D343846452D413036362D3733433041413431413539362220736F757263655265663D227369642D43354238423232422D393532432D343942422D413244372D45394644423034373333314422207461726765745265663D227369642D45303544353833312D303942432D344542422D394246382D394136334533374132323330223E3C2F73657175656E6365466C6F773E0A20203C2F70726F636573733E0A20203C62706D6E64693A42504D4E4469616772616D2069643D2242504D4E4469616772616D5F70726F63657373223E0A202020203C62706D6E64693A42504D4E506C616E652062706D6E456C656D656E743D2270726F63657373222069643D2242504D4E506C616E655F70726F63657373223E0A2020202020203C62706D6E64693A42504D4E53686170652062706D6E456C656D656E743D227369642D35363932414241382D344443392D343342372D424242452D393232463642333333394443222069643D2242504D4E53686170655F7369642D35363932414241382D344443392D343342372D424242452D393232463642333333394443223E0A20202020202020203C6F6D6764633A426F756E6473206865696768743D2233302E30222077696474683D2233302E302220783D2233302E302220793D223135302E30223E3C2F6F6D6764633A426F756E64733E0A2020202020203C2F62706D6E64693A42504D4E53686170653E0A2020202020203C62706D6E64693A42504D4E53686170652062706D6E456C656D656E743D227369642D43443836383445462D423335392D343730342D413436382D354546343936383133354639222069643D2242504D4E53686170655F7369642D43443836383445462D423335392D343730342D413436382D354546343936383133354639223E0A20202020202020203C6F6D6764633A426F756E6473206865696768743D2238302E30222077696474683D223130302E302220783D223130352E302220793D223132352E30223E3C2F6F6D6764633A426F756E64733E0A2020202020203C2F62706D6E64693A42504D4E53686170653E0A2020202020203C62706D6E64693A42504D4E53686170652062706D6E456C656D656E743D227369642D30373041423937412D463136382D343946302D414131432D314536343433333044443139222069643D2242504D4E53686170655F7369642D30373041423937412D463136382D343946302D414131432D314536343433333044443139223E0A20202020202020203C6F6D6764633A426F756E6473206865696768743D2238302E30222077696474683D223130302E302220783D223235302E302220793D223132352E30223E3C2F6F6D6764633A426F756E64733E0A2020202020203C2F62706D6E64693A42504D4E53686170653E0A2020202020203C62706D6E64693A42504D4E53686170652062706D6E456C656D656E743D227369642D43354238423232422D393532432D343942422D413244372D453946444230343733333144222069643D2242504D4E53686170655F7369642D43354238423232422D393532432D343942422D413244372D453946444230343733333144223E0A20202020202020203C6F6D6764633A426F756E6473206865696768743D2238302E30222077696474683D223130302E302220783D223339352E302220793D223132352E30223E3C2F6F6D6764633A426F756E64733E0A2020202020203C2F62706D6E64693A42504D4E53686170653E0A2020202020203C62706D6E64693A42504D4E53686170652062706D6E456C656D656E743D227369642D45303544353833312D303942432D344542422D394246382D394136334533374132323330222069643D2242504D4E53686170655F7369642D45303544353833312D303942432D344542422D394246382D394136334533374132323330223E0A20202020202020203C6F6D6764633A426F756E6473206865696768743D2232382E30222077696474683D2232382E302220783D223534302E302220793D223135312E30223E3C2F6F6D6764633A426F756E64733E0A2020202020203C2F62706D6E64693A42504D4E53686170653E0A2020202020203C62706D6E64693A42504D4E456467652062706D6E456C656D656E743D227369642D36393333393330352D454544312D344532332D394636452D373535314439323137394530222069643D2242504D4E456467655F7369642D36393333393330352D454544312D344532332D394636452D373535314439323137394530223E0A20202020202020203C6F6D6764693A776179706F696E7420783D223230352E302220793D223136352E30223E3C2F6F6D6764693A776179706F696E743E0A20202020202020203C6F6D6764693A776179706F696E7420783D223235302E302220793D223136352E30223E3C2F6F6D6764693A776179706F696E743E0A2020202020203C2F62706D6E64693A42504D4E456467653E0A2020202020203C62706D6E64693A42504D4E456467652062706D6E456C656D656E743D227369642D41324138383030302D373332332D343846452D413036362D373343304141343141353936222069643D2242504D4E456467655F7369642D41324138383030302D373332332D343846452D413036362D373343304141343141353936223E0A20202020202020203C6F6D6764693A776179706F696E7420783D223439352E302220793D223136352E30223E3C2F6F6D6764693A776179706F696E743E0A20202020202020203C6F6D6764693A776179706F696E7420783D223534302E302220793D223136352E30223E3C2F6F6D6764693A776179706F696E743E0A2020202020203C2F62706D6E64693A42504D4E456467653E0A2020202020203C62706D6E64693A42504D4E456467652062706D6E456C656D656E743D227369642D42453344383936462D464232352D343744372D423737322D453039433944364338454632222069643D2242504D4E456467655F7369642D42453344383936462D464232352D343744372D423737322D453039433944364338454632223E0A20202020202020203C6F6D6764693A776179706F696E7420783D2236302E302220793D223136352E30223E3C2F6F6D6764693A776179706F696E743E0A20202020202020203C6F6D6764693A776179706F696E7420783D223130352E302220793D223136352E30223E3C2F6F6D6764693A776179706F696E743E0A2020202020203C2F62706D6E64693A42504D4E456467653E0A2020202020203C62706D6E64693A42504D4E456467652062706D6E456C656D656E743D227369642D38323634443238462D413542362D343043342D414444302D343532344232463537354641222069643D2242504D4E456467655F7369642D38323634443238462D413542362D343043342D414444302D343532344232463537354641223E0A20202020202020203C6F6D6764693A776179706F696E7420783D223335302E302220793D223136352E30223E3C2F6F6D6764693A776179706F696E743E0A20202020202020203C6F6D6764693A776179706F696E7420783D223339352E302220793D223136352E30223E3C2F6F6D6764693A776179706F696E743E0A2020202020203C2F62706D6E64693A42504D4E456467653E0A202020203C2F62706D6E64693A42504D4E506C616E653E0A20203C2F62706D6E64693A42504D4E4469616772616D3E0A3C2F646566696E6974696F6E733E, 0);
INSERT INTO `act_ge_bytearray` VALUES ('15007', 1, '出差模板.process.png', '15005', 0x89504E470D0A1A0A0000000D4948445200000242000000D70806000000F6933ED9000011C84944415478DAEDDD7BAC5D639F07F0262288889110F1878844C45F22121131C46B225EAF3F44220EA72D4DABDA342EAD4BF04AB52F35AA4A83312E112F8D102345A7414B6F1415E3529D32A60D454B394DA76FD5ADB7B366FD56FA9CACAEEE737A7ADB67EDEDF3499E9CDDBDF7B9F4ECEFF93DBFF5ACCB1E340800000000000000000000000000000000000000000000000000000000000000000000000000000000000000000000000000000000000000000000000000000000000000000000000000000000000000000000000000000000000000000000000000000000000000000000000000000000000000000000000000000000000000000000000000000000000000000000000000000000000000000000000000000000000000000000000000000000000000000000000000000000000000000000000000000000000000000000000000000000000000000000000000000000000000000000000000000000000000000000000000000000000000000000000000000000000000000000000000000000000000000000000000000000F6852CCB0EFEEAABAF562D5EBC389B376F5EF6E69B6F1A4D1E73E7CECDDE7EFBEDEE7C3C2A43860CC9900C411345F159B46851D6D5D5956DDAB4C918A0B176EDDA6CE1C285DD79319A2A43860C1932044D125B608A4F7D8A50BE65B649860C193264089A2496A1FDF1D767C412B50C193264C810344904DE1FBE0224433224438646088D501FE3E77FACC9BEFAAFBF679FCDBDB318713BEE5334142019922119922168EB4668E3FAEFB26573C6679FBE7AF30E23EE8BC7140E93980CC9900CC910B46D23B4EAB3FFDCA9F8A4B1FAB3590A87494C866448866408DAB711FA9F05F7F65A80E23185C324264332244332046DDB082D7B7362AF05281E53384C62322443322443A011324C62322443322443D06E0528CECEE8AD00C5630A87494C866448866408DAB6115AF1EEBFF55A80E23185C324264332244332046DDB08ADFB6E69B6EC8D093B2F47E7F7C5630A87494C866448866408DAB6118AB1F2C3E93B15A0B84FD15080644886644886A0BD1BA1DF7FCF56BCF7E8CECBD1F97DF198C2611293211992211982B66C84E28AADCBDF7DB8D77DF3F198ABBA9AC4644886644886A0BD1AA17C0B6BCD8AF9D97FCFFE6BAFC5278D784E3CD75699494C8664488664085ABE00ED6AEBCB569902244332244332046DDB08F567EBABAFAD3285C424264332244332042D5B80F6B4F8A4A19098C4644886644886A0B5F7CD1B0A900CC9900CC91068840C054886644886640834428602244332244332041A214301922119922119A2C56559F64F4B972E7D76FAF4E9FF983C7972F775D75D970D1B362CBBECB2CBB22143866463C68CC96EBFFDF62DF7DE7BEF5753A64CF9B346C850806448866448865AD7E0C1834FEBE8E8F88F7C9E5F75F9E5976FCE3F76C79CBF7D6CC9C7F7F99815CF6BFB0668C68C195FDE75D75DD9D8B163B3C71F7F3C7BFFFDF7B3EFBEFB2EFBEDB7DFB2101FBBBABAB28F3EFA287BE69967B2EBAFBF3E1B376EDC96ABAFBEFA698D90A100C9900CC9900CB58EBCE9B9276F70D6E51FB352E3D3E7C89FBBBEB3B3F3D1B66B82F286E7EF93264DCA6EBEF9E6A2C9D9BA756BD65F4B962CC96EBDF5D66CD4A8519B2EB9E4927FD108190A900CC9900CC950AD1BA07FCEC7DAFE363FBD8C0D6D31E7E77DCCC13367CE5C3F7AF4E86CD6AC59BBD50055CD9E3D3B1B316244D62EAB430A9002244332244346BB35421D1D1D0F75767696777D6583070FCEEEB9E79E6CFEFCF9D9B7DF7E9BFDF4D34FC5BCFECB2FBF147B85DE7DF7DD6CDAB469D9D0A143ABCD50774BAF0E4513B460C1829FAFBDF6DA6CF9F2E5D9BEF0F5D75F67D1545D75D5552F68840C93980CC9900CC950AD9AA0BF9577834503F4ECB3CF1687BCF4C7FAF5EB8BE7C7E75576973DD392BF9058098A26A8BFBF80FE8AAF3772E4C8EE56DF87A80029403224433264B44B23142B41E526E8861B6E28567FF6447C5E1C4A536E865A6ECE8F638262E5665FAD04355A191A3A746834437FD108192631438664488606F698A0F2EEB0091326F4ECFEDA53B1DBECEEBBEFAEEE266B8D393FCE0EBBF3CE3B8B6382F6A7D75E7BAD7BF0E0C11B35428649CC90211992A1016D84D6955782F6B6092A37439595A10D2DF10B79E9A59756C60FBE79F3E66C7F1B3366CCB656DD45A60029403224433264B47A86B69F22DF734CD09EEE0EEB6B3759F998A1DACFF9B11A14D7098A53E49BE1D34F3FCD5A75554801528064488664C868F50CC57582529312073AEF0FCF3FFF7CEBAC0AC515A3E300E9BD394D7E770D1F3E7C5BEC9FAC5328F29F678C02A400C9900CC990D1CE198A2B41A703A463D566DDBA75FB659E8FB3C9CAA7D6D769CEDF49BC6DC6934F3E9935D3B469D37E8D4B73D7283CE9C55AD7D1D1719502A400C9900CC990D18E19DAFEB619C5F3A64C99B2BFE7FAF2AAD0ACDA3642F1DE61F1B619CDF4DE7BEFC5FB94FC50C3F0A4B1B65157AD0029403224433264B47286E2BDC3D2E30B172EDCAF737D5C74B1F4B3FC50DB4628DE4075CD9A354D6D847EF8E1876DF92F656B8DC3D3D3559743A40029403224433264B47286B6BF816A71FFBE3E48BA2AAE405DFA19B6D6B6118A77914F6FA0DA2CF1FDE217D302E1E9E9AA63995101528064488664C868E50C95FFBDAF4E99EFEB54FAF2F7ABF3D1E3D940D8CB37761B90A100D56BC8902143860CEDF968F65C5FDB46E8CA2BAF6CFA8AD0AFBFFEBAAD4556847E8EF76139E79C730E1E8825E9FC5B660F3CF0C04EF7C5E50EAACF8DD7301E3BFFFCF3B32BAEB862873173E6CC6CFAF4E9C5E37D7DAFB8A8D6AE7EA665CB9615CFFDFEFBEF7B3E2FBE872DB17A66A8FA1A777676F6FBF9919B134F3C71B7BEFED4A95377F99C9B6EBAA9B8FDC20B2F14B94DF7C769BC3254BF0C7DF1C5173D7FF38B172FCE2EBDF4D262A4DA128F3DF1C4133DCFFFE0830FB28B2FBEB8E739BD3D4F8606264371B5672B4215D75C734DD38F11CAFFA036D5FC18A11D0ACF40ED9B8F3FECA54B97662B57AECC2EB8E0829E621205E6E5975F2E6EAF5DBBB678EEB1C71E9B1D7FFCF1C5FD1F7EF8E12E1B9DF8BA175D745131D2D74DB7D3BFAB0D577CEDF4D88B2FBE983DF5D453D911471C51DC1FDF5B01AA5F86AA1938F7DC731B3E1693C9E9A79F5E8C34711D73CC31C5489988D73BBEC6EAD5AB8BCF79EBADB78AFBCBCF3FEBACB37A9E3F63C68C9D72119F1F67A9A6DBD1A0A7DB31A9C950FD3274E0810766871F7E781CDBD9D374BCFAEAABC56B16135DF5F9471D7554C39C356A5464A8F919728C5003E3C78FDFDCECB3C6E6CC99D355D3B3C636C61537AB85A7D905280A4E6A381E79E491ECB4D34ECB162C58D0735F4C485198962C59B2437188EB41C4C7534E396587E2124D4BDC1F0D557A7E14B0458B1615FFEF6A23145FFFD0430F6D58C852A189DB717C59DC4EDF379A2B05A81E19EAAD118A49AAB7C723132B56AC285615AB8D5064E8A4934EEA350F8D562B6302BDEDB6DB8ADB91BD94B3B3CF3EBB678532561BCA4D7F7C7CF0C10765A82619DAB87163F19A7CFEF9E7C5C7684CA20989FA3366CC989ED7B4DC10C56B1B1B48B1E1555D118AAF931A69191A980C396BAC81FBEEBBEF7F9B7D1DA189132776D5EC3A420DB7BCEA5080A2F0C4BFA3B09C71C6193BACD84423D39FADAEBE26BE465B597D4DA4679E7966F1FD0F38E080ECE4934F2E6E47218B9FEF0FBE2556BB0C35DA757AD04107F5F9BC68780E3BECB09D1AA1238F3CB2D8DD51CDE8BC79F376C8E4F0E1C38BDBF1DC46BB4CAB5BF3471F7D74F6C61B6F14B763CB3F560864A83E198AD725CE2C8E06F99B6FBEC9468D1A55DCB761C386E2754ECF8955E1F439C71D775CD1A854BF564C8A7191BDF2AAA20C353F43AE23D4C01D77DCF1A7D83DD6CC2B4B7776766EAEF555266B328995B796FAD308C56EB2D4AC548F118AE214AB4BF1BCD8D71F4BD731CA5B6BE55D63F17DE3BE3826A0FCF3C444D9DB8A50DA327369FBFA3542F13AC66B14394ABB371A8DD8C51AA3DA0845D35B6D841A65224D8EAFBFFE7AB16AD0E8F93149C6EEDB72BEE2F6C30F3FECED116A94A1F87B8EE37DD2EB132BC5D595975895AE3642D1D8C47D51AFCE3BEFBCECB1C71ECB4E3DF5D4E2E321871C52DC96A1811357962EBFCFD8FEBCB2F49021435AE3CAD261DCB8719B9BF55E6373E6CC59D932EF46DB628D508C2FBFFCB25F0721965783A2E0C4E3D110A725E8B48C6D45A83D1AA1747C50EC621DD4C741F3E55CC4EB1B231D381D9F576DA2CA99286FCD4703158D75F998B438C0B57CC06C7502FCA31FDF51C70CC54A50BC9EB1BB3D9A9AD4F8C4EA50B9218A4628B21335AA5CA7CA1B5AB1BB2A1A95B8BD6AD52A191AD89523EF35563562C488076EBCF1C666AC0A75777676FEEADDE7773D5233125B4FD1F0C4BEF2284A8DB6A2AA07BA56F7CB7FFCF1C7C5C79804ABDFE7E9A79F2E1E4BBBE2E239D1E4A483B06344D14A5F2BCE3AAA3642B1FB2EF6EBC7E3D1542940F56A84D26EB1F216FDE4C99377CA5B1C901FA3D1C1D2E3C78FCFC68E1D5B7C6E9C39B8BB93581CF7164D7A798BBF3A89A549B57C0C890C0D6C86A2B9299F95955661D2D9A3E56387CA8D74F9B54DFFEEEDB81D196A3EEF3EDF8B51A346FD366BD6ACFDDA05C5F148D119EE6A1FF81FBD00A53FE6584A8E7FA7FDDF69824A05A3FC07DFE8EC8DBE8E1D8A2DBB284CB19273CB2DB7EC705C52FABEBBFA7A69D7980B99D5BB111A54B9C441DAAA4F67DBA46629469C0DD4A8116A748C505A4D2C7F9F3441C56E95EA8A62A3E33B22EB69728D662C26B5BE76DDC9507333141B44312FC4EB9C4EB6885DA7B111941A90A84FD5CF4B198BE38276D508C9D0803543EB53A31207B6EFAB53E9632E8A8595F26A50CBCCF9B1FF2E3AF1E5CB97EF9726280FEB9AFC7B6CCB3BC3BF0C6A5103B55B2382955688E2F89E18691F7C5F9F17CBD751645263955684229CB1759F0E6C8CAF73E1851716C5251DEF9396BBE36BF46772D508D577F76AA306269AE2782C2F503B34D1A9214AD76849935DAC00349A94AADF2B4D628D0EFE4F8D76AC42A6E7A7DD6DF171C28409C5C77496900CD52343719C50BC2ECF3DF75CF1EFB40A142BC5B1D134A872466A1A713C501CBF9336E4D2AA910CD567CECFE7826DA96189DFDDDE3643514B264D9A546E82BA5B6ECE1F3264C8BFC759015D5D5DFBB409CAFF6036E4BFF42DADBA4B6C201BA1684C62ABEA84134E68583476555C52118B83D61A3D1EFBDAE3F1EA9916B13BADD1818A8D2E6AA611AA5F8662928AB369CA07B136DA128FD7B1FA33C51941E9D4E438AB64779AAEDE26B11891D54195835BCB07E3CB507DEB50EC9A8FCB2A449D8883A1CB8FC58A515CE2A3B7DDB2A9C6444D91A17AE9E8E878A87CDDA15819DAD3DD64F1799595A0AC65E7FC7CC27C6AE4C891DDFB6A6568FB4AD096FC173E7B508B73697BEFF1234332244346BB3442216F589E2C372F716C4FAC18C7595FFD3D3B2C0E8C2E1F1314A3E5E7FCE812F386A8FB95575EE9DE8B03A8BBEFBFFFFE15B13B2C7ED183DA8002A400C9900CC990D14E8D509AF3F3D15D6D886245382EBA18AB3D69B759ECFE8A2B46C79E8A871E7A288BB7E9AA5CCDBABB5DE6FC62FF616767E7FF8D1E3D7ADB279F7CB25B1D501E8C6FF246EAE73848AA958F09528014201992211932DABD112A1D33B46E2FDFC8B5ADE6FC72A738351AA261C3866D9B3C79F2EFEFBCF3CED6D5AB576F4D6FD41A6FA01AEF1D3677EEDC1F274E9CB8367FEE96F8654447D8AA678729400A900CC9900C197FA446A83CE7EF4143D49673FE4EE26A9479C7F8F2F6F729D952F9256C8DF711894B68B7E215A315200548866448860C8D90391F05480192211992214323040A9002244332244386460814200548866448860C8D1028400A900CC9900C191A213442FEF015201992211932344268840C0548866448866448238446C850806448866448864023642840322443322443A011321420199221199221D008190A900CC9900CC91068840C054886644886640834428649CC6B2743322443A011324C62860CC9900C81026498C40C199221190205C830891932244332040A9061123364488664081420C32466C8900CC91028408649CC902119922150800C939821435E3B190205C83089193264C81028400A900C193264C81034C3BC79F3FCE12B4032244332646884F8635AB468D1B6AEAE2E7FFC3518AB57AFFE262F409B64C890214386A049E6CF9FFFAF0B172EECFEF1C71F1581012E3E73E7CEDD928FA93264C8902143D04479E8FF966F01FC1CCBA1C6808D4DAD5C7C64488664488600000000000000000000000000000000000000006803FF0F891C8BBABBF6C8670000000049454E44AE426082, 1);
INSERT INTO `act_ge_bytearray` VALUES ('5002', 2, 'source', NULL, 0x7B227265736F757263654964223A2235303031222C2270726F70657274696573223A7B2270726F636573735F6964223A2270726F63657373222C226E616D65223A22222C22646F63756D656E746174696F6E223A22222C2270726F636573735F617574686F72223A22222C2270726F636573735F76657273696F6E223A22222C2270726F636573735F6E616D657370616365223A22687474703A2F2F7777772E61637469766974692E6F72672F70726F63657373646566222C22657865637574696F6E6C697374656E657273223A22222C226576656E746C697374656E657273223A22222C227369676E616C646566696E6974696F6E73223A22222C226D657373616765646566696E6974696F6E73223A22227D2C227374656E63696C223A7B226964223A2242504D4E4469616772616D227D2C226368696C64536861706573223A5B7B227265736F757263654964223A227369642D35363932414241382D344443392D343342372D424242452D393232463642333333394443222C2270726F70657274696573223A7B226F766572726964656964223A22222C226E616D65223A22222C22646F63756D656E746174696F6E223A22222C22657865637574696F6E6C697374656E657273223A22222C22696E69746961746F72223A22222C22666F726D6B6579646566696E6974696F6E223A22222C22666F726D70726F70657274696573223A22227D2C227374656E63696C223A7B226964223A2253746172744E6F6E654576656E74227D2C226368696C64536861706573223A5B5D2C226F7574676F696E67223A5B7B227265736F757263654964223A227369642D42453344383936462D464232352D343744372D423737322D453039433944364338454632227D5D2C22626F756E6473223A7B226C6F7765725269676874223A7B2278223A36302C2279223A3138307D2C2275707065724C656674223A7B2278223A33302C2279223A3135307D7D2C22646F636B657273223A5B5D7D2C7B227265736F757263654964223A227369642D43443836383445462D423335392D343730342D413436382D354546343936383133354639222C2270726F70657274696573223A7B226F766572726964656964223A22222C226E616D65223A22E5A1ABE58699E8A1A8E58D95222C22646F63756D656E746174696F6E223A22222C226173796E6368726F6E6F7573646566696E6974696F6E223A2266616C7365222C226578636C7573697665646566696E6974696F6E223A2266616C7365222C22657865637574696F6E6C697374656E657273223A22222C226D756C7469696E7374616E63655F74797065223A224E6F6E65222C226D756C7469696E7374616E63655F63617264696E616C697479223A22222C226D756C7469696E7374616E63655F636F6C6C656374696F6E223A22222C226D756C7469696E7374616E63655F7661726961626C65223A22222C226D756C7469696E7374616E63655F636F6E646974696F6E223A22222C226973666F72636F6D70656E736174696F6E223A2266616C7365222C22757365727461736B61737369676E6D656E74223A22222C22666F726D6B6579646566696E6974696F6E223A22222C2264756564617465646566696E6974696F6E223A22222C227072696F72697479646566696E6974696F6E223A22222C22666F726D70726F70657274696573223A22222C227461736B6C697374656E657273223A22227D2C227374656E63696C223A7B226964223A22557365725461736B227D2C226368696C64536861706573223A5B5D2C226F7574676F696E67223A5B7B227265736F757263654964223A227369642D36393333393330352D454544312D344532332D394636452D373535314439323137394530227D5D2C22626F756E6473223A7B226C6F7765725269676874223A7B2278223A3230352C2279223A3230357D2C2275707065724C656674223A7B2278223A3130352C2279223A3132357D7D2C22646F636B657273223A5B5D7D2C7B227265736F757263654964223A227369642D42453344383936462D464232352D343744372D423737322D453039433944364338454632222C2270726F70657274696573223A7B226F766572726964656964223A22222C226E616D65223A22222C22646F63756D656E746174696F6E223A22222C22636F6E646974696F6E73657175656E6365666C6F77223A22222C22657865637574696F6E6C697374656E657273223A22222C2264656661756C74666C6F77223A2266616C7365227D2C227374656E63696C223A7B226964223A2253657175656E6365466C6F77227D2C226368696C64536861706573223A5B5D2C226F7574676F696E67223A5B7B227265736F757263654964223A227369642D43443836383445462D423335392D343730342D413436382D354546343936383133354639227D5D2C22626F756E6473223A7B226C6F7765725269676874223A7B2278223A3130342E31353632352C2279223A3136357D2C2275707065724C656674223A7B2278223A36302E3630393337352C2279223A3136357D7D2C22646F636B657273223A5B7B2278223A31352C2279223A31357D2C7B2278223A35302C2279223A34307D5D2C22746172676574223A7B227265736F757263654964223A227369642D43443836383445462D423335392D343730342D413436382D354546343936383133354639227D7D2C7B227265736F757263654964223A227369642D30373041423937412D463136382D343946302D414131432D314536343433333044443139222C2270726F70657274696573223A7B226F766572726964656964223A22222C226E616D65223A22E4BABAE4BA8BE5AEA1E689B9222C22646F63756D656E746174696F6E223A22222C226173796E6368726F6E6F7573646566696E6974696F6E223A2266616C7365222C226578636C7573697665646566696E6974696F6E223A2266616C7365222C22657865637574696F6E6C697374656E657273223A22222C226D756C7469696E7374616E63655F74797065223A224E6F6E65222C226D756C7469696E7374616E63655F63617264696E616C697479223A22222C226D756C7469696E7374616E63655F636F6C6C656374696F6E223A22222C226D756C7469696E7374616E63655F7661726961626C65223A22222C226D756C7469696E7374616E63655F636F6E646974696F6E223A22222C226973666F72636F6D70656E736174696F6E223A2266616C7365222C22757365727461736B61737369676E6D656E74223A22222C22666F726D6B6579646566696E6974696F6E223A22222C2264756564617465646566696E6974696F6E223A22222C227072696F72697479646566696E6974696F6E223A22222C22666F726D70726F70657274696573223A22222C227461736B6C697374656E657273223A22227D2C227374656E63696C223A7B226964223A22557365725461736B227D2C226368696C64536861706573223A5B5D2C226F7574676F696E67223A5B7B227265736F757263654964223A227369642D38323634443238462D413542362D343043342D414444302D343532344232463537354641227D5D2C22626F756E6473223A7B226C6F7765725269676874223A7B2278223A3335302C2279223A3230357D2C2275707065724C656674223A7B2278223A3235302C2279223A3132357D7D2C22646F636B657273223A5B5D7D2C7B227265736F757263654964223A227369642D36393333393330352D454544312D344532332D394636452D373535314439323137394530222C2270726F70657274696573223A7B226F766572726964656964223A22222C226E616D65223A22222C22646F63756D656E746174696F6E223A22222C22636F6E646974696F6E73657175656E6365666C6F77223A22222C22657865637574696F6E6C697374656E657273223A22222C2264656661756C74666C6F77223A2266616C7365227D2C227374656E63696C223A7B226964223A2253657175656E6365466C6F77227D2C226368696C64536861706573223A5B5D2C226F7574676F696E67223A5B7B227265736F757263654964223A227369642D30373041423937412D463136382D343946302D414131432D314536343433333044443139227D5D2C22626F756E6473223A7B226C6F7765725269676874223A7B2278223A3234392E31353632352C2279223A3136357D2C2275707065724C656674223A7B2278223A3230352E38343337352C2279223A3136357D7D2C22646F636B657273223A5B7B2278223A35302C2279223A34307D2C7B2278223A35302C2279223A34307D5D2C22746172676574223A7B227265736F757263654964223A227369642D30373041423937412D463136382D343946302D414131432D314536343433333044443139227D7D2C7B227265736F757263654964223A227369642D43354238423232422D393532432D343942422D413244372D453946444230343733333144222C2270726F70657274696573223A7B226F766572726964656964223A22222C226E616D65223A22E9A286E5AFBCE5AEA1E689B9222C22646F63756D656E746174696F6E223A22222C226173796E6368726F6E6F7573646566696E6974696F6E223A2266616C7365222C226578636C7573697665646566696E6974696F6E223A2266616C7365222C22657865637574696F6E6C697374656E657273223A22222C226D756C7469696E7374616E63655F74797065223A224E6F6E65222C226D756C7469696E7374616E63655F63617264696E616C697479223A22222C226D756C7469696E7374616E63655F636F6C6C656374696F6E223A22222C226D756C7469696E7374616E63655F7661726961626C65223A22222C226D756C7469696E7374616E63655F636F6E646974696F6E223A22222C226973666F72636F6D70656E736174696F6E223A2266616C7365222C22757365727461736B61737369676E6D656E74223A22222C22666F726D6B6579646566696E6974696F6E223A22222C2264756564617465646566696E6974696F6E223A22222C227072696F72697479646566696E6974696F6E223A22222C22666F726D70726F70657274696573223A22222C227461736B6C697374656E657273223A22227D2C227374656E63696C223A7B226964223A22557365725461736B227D2C226368696C64536861706573223A5B5D2C226F7574676F696E67223A5B7B227265736F757263654964223A227369642D41324138383030302D373332332D343846452D413036362D373343304141343141353936227D5D2C22626F756E6473223A7B226C6F7765725269676874223A7B2278223A3439352C2279223A3230357D2C2275707065724C656674223A7B2278223A3339352C2279223A3132357D7D2C22646F636B657273223A5B5D7D2C7B227265736F757263654964223A227369642D38323634443238462D413542362D343043342D414444302D343532344232463537354641222C2270726F70657274696573223A7B226F766572726964656964223A22222C226E616D65223A22222C22646F63756D656E746174696F6E223A22222C22636F6E646974696F6E73657175656E6365666C6F77223A22222C22657865637574696F6E6C697374656E657273223A22222C2264656661756C74666C6F77223A2266616C7365227D2C227374656E63696C223A7B226964223A2253657175656E6365466C6F77227D2C226368696C64536861706573223A5B5D2C226F7574676F696E67223A5B7B227265736F757263654964223A227369642D43354238423232422D393532432D343942422D413244372D453946444230343733333144227D5D2C22626F756E6473223A7B226C6F7765725269676874223A7B2278223A3339342E31353632352C2279223A3136357D2C2275707065724C656674223A7B2278223A3335302E38343337352C2279223A3136357D7D2C22646F636B657273223A5B7B2278223A35302C2279223A34307D2C7B2278223A35302C2279223A34307D5D2C22746172676574223A7B227265736F757263654964223A227369642D43354238423232422D393532432D343942422D413244372D453946444230343733333144227D7D2C7B227265736F757263654964223A227369642D45303544353833312D303942432D344542422D394246382D394136334533374132323330222C2270726F70657274696573223A7B226F766572726964656964223A22222C226E616D65223A22E7BB93E69D9F222C22646F63756D656E746174696F6E223A22222C22657865637574696F6E6C697374656E657273223A22227D2C227374656E63696C223A7B226964223A22456E644E6F6E654576656E74227D2C226368696C64536861706573223A5B5D2C226F7574676F696E67223A5B5D2C22626F756E6473223A7B226C6F7765725269676874223A7B2278223A3536382C2279223A3137397D2C2275707065724C656674223A7B2278223A3534302C2279223A3135317D7D2C22646F636B657273223A5B5D7D2C7B227265736F757263654964223A227369642D41324138383030302D373332332D343846452D413036362D373343304141343141353936222C2270726F70657274696573223A7B226F766572726964656964223A22222C226E616D65223A22222C22646F63756D656E746174696F6E223A22222C22636F6E646974696F6E73657175656E6365666C6F77223A22222C22657865637574696F6E6C697374656E657273223A22222C2264656661756C74666C6F77223A2266616C7365227D2C227374656E63696C223A7B226964223A2253657175656E6365466C6F77227D2C226368696C64536861706573223A5B5D2C226F7574676F696E67223A5B7B227265736F757263654964223A227369642D45303544353833312D303942432D344542422D394246382D394136334533374132323330227D5D2C22626F756E6473223A7B226C6F7765725269676874223A7B2278223A3533392E3337352C2279223A3136357D2C2275707065724C656674223A7B2278223A3439352E3339303632352C2279223A3136357D7D2C22646F636B657273223A5B7B2278223A35302C2279223A34307D2C7B2278223A31342C2279223A31347D5D2C22746172676574223A7B227265736F757263654964223A227369642D45303544353833312D303942432D344542422D394246382D394136334533374132323330227D7D5D2C22626F756E6473223A7B226C6F7765725269676874223A7B2278223A313230302C2279223A313035307D2C2275707065724C656674223A7B2278223A302C2279223A307D7D2C227374656E63696C736574223A7B2275726C223A227374656E63696C736574732F62706D6E322E302F62706D6E322E302E6A736F6E222C226E616D657370616365223A22687474703A2F2F62336D6E2E6F72672F7374656E63696C7365742F62706D6E322E3023227D2C227373657874656E73696F6E73223A5B5D7D, NULL);
INSERT INTO `act_ge_bytearray` VALUES ('7501', 1, 'source-extra', NULL, 0x89504E470D0A1A0A0000000D494844520000026A000000FF080600000041E6FAA6000000206348524D00007A26000080840000FA00000080E8000075300000EA6000003A98000017709CBA513C0000000467414D410000B18E7CFB5193000000017352474200AECE1CE900000006624B474400FF00FF00FFA0BDA793000000097048597300000EC400000EC401952B0E1B00001CE14944415478DAEDDD0B985565DD28F035303020024A6064E62D53EC4BC5B2EC1419FAA994FAA9251D40D0CC34B23E4F697D9A661E354BEAD0C5CACC0B7983C45B5EF20A56987C1ED3F006E9493E15310111903BC465E6BCFFC5ACF936038304337BCF0CBFDFF3BCCFCCEC597BCF9EB5FEFB7DFFEFFBAEF5AE2C030000000000000000000000000000000000000000000000000000000000000000000000000000000000000000000000000000000000000000000000000000000000000000000000000000000000000000000000000000000000000000000000000000000000000000000000000000000000000000000000000000000000000000000000000000000000000000000000000000000000000000000000000000000000000000000000000000000000000000000000000000000000000000000000000000000000000000000000000000000000000000000000000000000000000000000000000000000000000000000000000000000000000000000000000000000000000000000000000000000000000000000000000000000000000000000000000000000000000000000080CD546517B44D7575755D5E79E5957F5FBA74E988E5CB97EFB36CD9B22EB5B5B576CCD67E20AAAAEA6A6A6AE677EEDCF989D5AB578F1E3060C01FC51062480C8921246A6CB654317E79DEBC793F5AB972E5767DFBF6CD7AF6EC9975EFDE3DEBD0A1839DB395A291498D4EB678F1E26CCE9C39ABD6AE5DFBC28A152B460C1A34689A18420C89213184448D4D9A3973E65D2FBFFCF271BBEEBA6BB6F3CE3B47CFCB4E6941B366CDCA66CC98B1A2AEAE6ED861871D76B718420C892131443975B40BDA56E598CA71FBEEBB6FD6A74F1F956319C40841AF5EBD3ACD9D3BF7E81123464CBDF1C61B5F1443882131248690A8B19E9866483DAA6F44E5D8A3478F0D7EFF8FA56F64739EBF339BF3C2DDD9BC57FE982D7FEB95ACA6DB4E59754D0F3B6F2B75EEDC392AC99A3973E61C357CF8F0FBC68E1D3B570C2186C49018A21C9C4CD006C409BB712E484C33345539BEF6D4AFB3A5F3FE96D5AE5D95D5D5AEC9962F78299B39654CB672F1EB766033E8D6AD5BB6FBEEBBD776ECD8F1676208312486C41012354A7BB1FF1E27ECC6B9201BB3E0D547B335AB966DF0785496F35E99640736935D76D9A5577575F5FB264E9CF85131841812436208891AB9B8F43DAEAA6AEA5C90159BE8AD462F97E6B3D34E3BCD495F4E1043882131248690A8918BF589E2D2F7A6D4AD5DDDF493EBAC69D49C7AF7EEFDEEF465A018420C892131443954DB05AD5F2C221957FD5079E938BC2B7DE9238610438821CAC1885A1B108B1F5A44B2957C60D61D876A318418420C215163B374EABA6393BFABAED103460C218640A246C5F4DAF5635975E76E1B3CDEB153D7ACD76E03EC20C4106208246A54CAF67DF6CDBAF5DE67A38F77DFE95FEC20C4106208246A54D2DAD52B36786CCD3F96D8318821C41048D4A89455CBDECC57FE5EFAE60B1BFC6ED9FCE9D9CCBF5C936F03620831041235CA68D1ACA752E5786D7E3FBDA62C5FF86A36E3892BB3B7663E96D559CB083184188236C5E5BD6DB4F7FAC68BF7E73DD5CD11B77089ED97A4DEEE4E7B1F9575C997E0410C8921C410B47646D4DAA0E8996E6EE5B85EAF36F5785F7DF22A3B1031841802891A2D257AA65BAAAE768D1D8818420C411B61EAB30DEA77F8A5760262083104DB00236A000012350000246A0000123500005A4AABBE98A0AEAEAECBD4A9533FFFF4D34F9F387BF6ECFEB366CDDA6EF1E2C5D52B57AECCAAABABEBBA77EFBEBA57AF5EAFF7E8D1E3B1B4F977CF3DF7DCBF39A400D0360D1F3E7C97356BD61C5F5555F5C9F463FF54FAA6B27D2A2B539993F28267D2EFFEB363C78EE3C78D1BF777895A0513B4DFFEF6B7575F7AE9A5C3E6CF9F5FBDEFBEFB6603070ECCDEF39EF7642931CBBA74E992A564AD6AC992259D5F7BEDB53DA64D9BB6C7534F3D75E259679D3573D9B265975E7DF5D5D70A7700681B860D1B767CFAF2D5DADADA435222D679239B744965F7F4BBDDD3D7E3D7AE5DFB7F860E1D3A29FD3CE6E69B6F1E2B512BA3C71F7FFCD4EF7DEF7BBF5CB468514D3A08D901071C90A5CC79C3239692B5287DFAF4C93EF8C10F66279F7C72D5B3CF3EBBDBF8F1E37F3572E4C86F2C58B0E0DF6EBBEDB6FF12FE00D03AA5763E92AF5FD5D5D50DDA82A70F4CCF1B985E63644ADCBED05EDBFC5693A8A59D5D7DCF3DF74CB8FEFAEB0F3DFAE8A3B34F7FFAD31B4DD0362592BA543A3EF4D043FD6EBDF5D6E7BEF4A52FFD2FA36B00D0FA0C19326468870E1D7E595B5BBB63F158B4FB1FF8C007B2830F3E38DB6BAFBDB21D76D821EBDEBD7BB67CF9F26CE1C285D98C1933B2279E78227BEAA9A7B2D5AB57174F1B909EF7F4B061C3CE688FA36BAD22518B24ED91471E79ECE1871FFEF0D9679F9DBDEF7DEFDBAAD71B346850D6AF5FBFAEA3468DFAD969A79D5673EDB5D75EE1230100AD26493B262569635392D6B148D06280E6C8238FCC67CA1ADB6EBBEDF2B2F3CE3B671FFBD8C7F2A4EDBEFBEECB1E78E0816CEDDAB5B1C9F62997B829256B5D52B2D6AE06685AC5559F319276C71D777CF83BDFF9CE56276985DD76DB2DBBE4924BBAA64018950EDC081F0B006815495A8CA4DD9512AB3C498BE4EBB2CB2E8B0B09369AA46D4C8CB4C5F6F1BC387FBD905EF39AF6D6E6573C518B73D252467CE899679EB9D9076873C5EB9D7FFEF9DB77EAD4E9E7E9C0F5F3F10080CA8973D23A76ECF8CB2249DB679F7DB28B2EBA68BD64EB9F11CF8BE7EFB7DF7EA5C9DA95EDA9CDAF68A21657774E9830E1CA3827ADB946D21A8B91B594BDD7A4ECFD3A1F1100A860D2D1A1C3B5C539693192F68D6F7C233F076D6BC494E8D7BFFEF5D2642FA641AF91A83583BBEEBA6B4C2CB111E794B5A4A38E3AAA6BCF9E3DF730050A0095114B70A424ED5FE3FB38272D92ABAD4DD24A93B598992BB90871407B69F32B96A8C568DAB469D3FE672CC1D1A953A716FF7B23478EDC3165F25FADC4FF9AFEC70B2240070E1C58EDA38A18420CB18DC650431B1C170E6CE9746753E2F58E39E698D23C63A4446D2BC41D07E6CE9D5B1D4B6A94C3FEFBEFDFB9A6A6668F981FAFC0BFFBDD143077BEF39DEF7C2BFDFDB82AE5539FFBDCE7B66FAD4171EFBDF766B366CD5AEFB1ABAFBE3A9B3367CE46B7FFFBDF9B5E1C3AF59EB2BFFEF5AF4DFEFEBAEBAECB5E7AE9A5B77D4F7FF9CB5FB2BFFDEDBF6F3CF1E0830F6613264CD896EAC8361543A56EBEF9E66CE6CC999BBDFD638F3DB6C1B18D386ACAB5D75E9BAD5AB56A93AF19DBBCF0C20BF9F7CF3EFB6CC3E3FFCCFB1243E5B566CD9AECB6DB6ECBBF8FBBD12C5DBA74BD72E59557666FBDF556C3F6717C1F79E4916CF2E4C9EB95A8639AAABBC4D096C550DFBE7D170E193264EC3F134371C781F4E5D0F8BEB8C2B3257CEA539F2A1DFC1950A136BF7D246A715BA8A616B36D29FBEDB75F7C5A0757EA7FAEAAAA8A801E9102FD810E1D3ABC9682FC8608F4534E39A54B6B0A8A891327663D7AF4C82BB748DA2229BAE79E7BF2756BE2EB59679DD5D070BEF2CA2BD9E5975F9E6FB3B1122779469257880A76FEFCF90D25D6C3890F55F1F315575C1149FC06EFE9A0830ECACF65282AD3DFFFFEF7F925DADB9AB61243A5C68D1BB7C964FEFEFBEF5F2F6622498B64ADF8F957BFFA553678F0E08663DFF8B5BA75EB9627F29BEA3C444C15BDF788DFE2B54E3EF9E44D268162A872EEB8E38EBC7E08AFBFFE7AB678F1E2EC4F7FFA537E955F38E9A493D69B367BEEB9E7B2254B96641FF9C847D62B8F3FFEF806ED8C18DA6ADD521C0D8F184AFBF6F5940CDDF8763114B7852A2E2088B63FEE32D412E26AD05804BFC4E0B6BEB32B36041EF7EE8CDB4295D3C1071FBCC39FFFFCE7B87FD8E8565059EE9082F6E4F89CA7DEE28A14E8B7A4C7EE4EFBE5DE499326ADA9F4FBEBDCB973B6D34E3B65871D76583EF71F3DDBA38E3A2AAF2C8F3DF6D886ED6EBAE9A6ECB8E38ECBDE78E38DFCC28D48A84A75EDDA35FBE4273FB95EA216B6DF7E5D272C3514F9DFAAA9A9C97F4EBDB33C496CDC93DD65975DF21E5834DCAFBEFA6AD6BF7FFFECA1871ECA93C9AF7EF5ABD9B6A8B5C750E1C5175FCCD73C6A4AC455348A2FBFFC721E0F71C7912246627DA4B885DC97BFFCE586EDC78F1F9FBDFFFDEFCFB70D73E7CECD7AF6EC99C74688519577BCE31DD937BFF9CD7C54264663E26B8CDC4667E0DDEF7E771E73211ADEE275C450EB8AA1389E175E786176EEB9E766B174537A4F794214E735456C4462555ADFC4719C366D5A5E5F356A6BF2442C46DF76DC714731D4FCA2C23E29C5D149693FAD4C09DBADE9E73B1BC750FDBD3B739140B7A478FDD4D6173FB68A36BF4D266A7183F568D8CB69CF3DF78C4F70FF56781CBAA6724A0AF453FAF6EDBB2855960FA6A0BE3E252F93AEBFFEFA95E57A1351911589D09D77DE99F74EA3628C842D8693E3773FF9C94FF24AAEA8F0A2220D5FFCE217F3842DA61A0AD1E38C1E7169A296FEBFBC571C095B546ED1538E1E6F34CE91ECC5E38D13AFA83423210C318D71E081076603060CC8B72DA646681D31D4444F7ABD29AA8D2946330E3FFCF03C264224E3112B91C495C65091DC958E7C4463595C9E1F97FBEFB1C71EF9F7D1C0465C451C47CCC6E31143F17E4ACF8DFDEC673F9B8D1933A621AEC550656328EA91E8C8C7F13AE28823B26F7FFBDBF9E8FD57BEF2956CCA9429F936BFF8C52FF211FF52B1A27DD40D8DE32FEA9A279F7C325F4C550CB5A82E45E29F6268718AA109712FCE88A1B41FFB97B4C52DFA2676DF7DF7D21FFBB7F59D5AB1446DF1E2C5D53144594EAB57AFEE9382684D0A9E8B5AF131E999CA90F43E8744053164C89097DE7CF3CDB2FCE1A860526F284F9C3EF399CFE43DC6A8904231C51015DEC62AA248EA22996BAC71A5190E39E49086EF6355E9689C8B11B6B84D484C95C542868D7BD7217ACCD1A38D242DF64FB9CD9B372F9F0216439B2792F518F58891D8B7F3FCF3CFE7097B711E508C70C474D6FEFBEFBFDE7631CAF1FDEF7FBF617A23B6EFDDBB779EE0C5ED65E26F9D73CE390DA37251229663AA25B68906F6D1471FCD8A8E62BCD6F9E79F5FB606560C6D5AFCBD48CAA22EFAFCE73F9FDD70C30DF9B18BD322A28E39FDF4D3B36BAEB966834E5A244D91F0371E51ABAEAECEB78D0E6891A889A1B28DB40D4E3134B8BEAE6E981F6EE9B6BFD1EBF796A86DC587B198E22897484052761FFFF3FF6E2B0728BDDFF7C6A8D409279CD06ADF63545A3105599C4F522A2ADC18868E1E6A245893264DCAA7218AE745CF397AA1F1FB10170C448F3512B6D20AB74802631A23D6DCABD4885A54CE4F3FFD74268636CF1FFEF0877C8A294635627A29466737DA0D4F75418CA03516A31C319AD1584C4145C358C44491EC473C45835C2AFE6E6CFF9BDFFC261B316244DE9816D3F7F1DCABAEBA6A83C65D0C552E86A2D317E79F858F7FFCE3795D507ACE515327FD1F7FFCF17952569C5E111E7EF8E17CEA3CE2A874044D0C5544C3FC70732DC9D19446C7A24BD6C6552C51ABA9A9A94BC95A553993B59430CCBBFDF6DB774895CEF7CAFCEF6ECE87A9A87D3A37AA205F3EE8A083F6ACC4312A4E90FDE8473FDA30E21557F06D6C24EE873FFC613EEDD0D8DD77DFDD306D15E77C14157D24EA23478ECCD2F1C82F0C88446CD4A85179AFB6F41CB8B71B51DBD4B94F2DE1139FF8445E89A74AF26231F4F6E2D8C6C8484C79C74501C5547963A5A3B145431C8F45A2170DE12DB7DC12A33A0DDB44E2571A1311835197C4F7EF7AD7BB1AB68B46371AD1F8FD89279EB841631ADB96B38115436F2FEE281353919118450CC4F96931FD593A42D658919C353EEF394669A353B760C182ECE73FFF797E7193186AF1185A5B97D40F8A94C6506D7AB843918CB764B216C97DE9B890446D0BF5E8D163756A643B47055E2E9D3A755A908265E5F8F1E32F2AE7FF3A74E8D0A6827B45046E7A4F3545C5987E5E987E7E38957129997D30CE0D39F5D453EBCAF55E63C83F2A8068189BBA5B448C9215E76F1422992B155787C685085141C685008D7BA7A79D765ADE6B8ED789F309E2CAD1534E3925DB583CC4144471EE48E9885AD1A88F1E3D3A9FCA28874824A3777FEEB9E78AA1B71123A6112BC5684824D8D3A74F5F2FAE626983679E79A6E1C4EC10533A79A6901E8BDFC5EBC4C84A4CBD15B7998BC6BA7494B5180D89523A1A127112E56B5FFBDA26DF6BE96B8BA1CAC750AC581FF5461CFB5D77DD353FD6317A1E9FF76244BEF44ACB48C8FAF5EB975F6014C95A5CC414E26B4CA1473DF3A10F7D68FDC64F0C355B0CC52945714852BC44FC744C5F3788A1D4B18ECBF9F78AEDA383DD92895AA30EFC3C89DA16DA61871D66A60FC35EE54CD4A64E9D1A0B76ADADF03E8FAE5F552A51DB748D80AE7F2CBA76B7A48AE5E154292EACC41B8BB58122E1F9D9CF7E964F17C4547134AA71355E5169C6E848F430E31C80A800E3A283A2E26C2CA6ACA2622DAE888A8A35B68F6430CE412BAEF48C0A324E1A8F73434AE3212ABE3801B8B8E8A0F1885AF19A7BEFBD773EF55ACE5812436FEF820B2EC87EF0831F34FC1C2784C7052731CA5A4C8146231C25A6A8A2918B518B62598498325DB468517E855DE351D688CF8D8D864462584CA36F4A741622DE0A11678DA7C6C450E56228EA8D58272DCE092B12A4A89B62C98E184D8AD1B6E8DC158AAB08A32E8851DB786E883A26EAA76246400C35EF61AA6F4FBB968C9E35194329C97BA648D4A24D69EEC56E4B951E97E41989DA968FA83D923E1C7B1D7CF0C165FB9B8F3DF658F4081FA9F03EDFBE24A06F4FE5BE5439DC5BE92BF342AC6D133DD222B18A51B2A8C8E2E4FEB8EA327AA7718E468C6E1427CD6EEC9C95A8C04254FEB1BC422116D18D8B14E2F563C42E86BFE3B5A352BCE4924BF20A3646C762898EA88CA357DDB8E26B3CA2B68D6AB53154B8F4D24BF311D3F7BEF7BD0D8F4572F6DDEF7E378FAB98CE8AE35C34A091AC47D25D5CAC122786470217A36A1B5BA3AA7404B574346463A37ACB962D6BB8F0245E2B46E9A2C13FE38C33F2180C911CC6485EA3F597C4508544C214579247827EE8A187E6B110A74EC4C525B18E5A8CD8C708DB4F7FFAD3FCF1D23A2C6E49181707C489FE9B5AE8560C6DB5CEFF4C0CD5D5D53D92DA847C4DB3C6AB0134B746E74B3FD2D67774C512B5D453BEECD5575FFD426AC83B9469D1DB95D3A74FEF9795DCC2A2DC6228387D99941AA31BEA2F795FD8DA02A274F42B2AC368348BA53162C4234648A2F28CDB7434B5765034C8314272EAA9A7363C37944E8146E516E71FC5792345451BC95ADCC520A63122496B6A94AEA929D96D416B8FA148D263B1DA68C04A1BD0423486712571AC71B47AF5EAF58778962ECD1BBF8B2FBE38BBEFBEFBF2C7366794345E27465C37360A12F11B275EC7946BD108470C171D80589F2DDE4F8CBCB4640F5F0C6D51673EEFBCC5A86AD427111FC562B75107C5D4653C5E7AEE62888B0A62DB9819888B979A3A2F520C953786D2F1BA2BB5F73F896F63F6264E8B6989456F63DA73CA942931285355FFD0ED6D7D7F5755F28F9F7DF6D9FF357CF8F0F796A3073261C28471E9C3B4DBF8F1E33F51EEFF33EE8F967A12335240DFBE253DD6891327D6952E69510EC5E8C6C6C4B444E939455BF21A5B6A73FF764B8A69DA238E38A24A0C953FF65A6B4C88A1CAC44373D53162A83C31346CD8B08929C93B3CBE8FCE7EE365989A43ACF319A757D49B5C8936BFB955F4E6BCA9A774DE6F92030E38A0BA8547D516DE70C30DEF4F01F6E34AFC9F29502E6D6B81B1A9CA6F732BB49658ADBBAD55A6DB720CB544EC89896D2F8636150FCD55C788A1B2C5D015A9E4895AACA119897F738E42BEF6DA6BD9EF7EF7BB86D1B4D4E65FD52EEAC44AFEF13163C6DCB674E9D217E280B5A4D1A347DF917A5ECB66CF9E3DDE470D00CAEFE69B6FBE2B7D9914DFC7F9CB718E61718EDFD68A25392EBFFCF2B5A9AD2F461927B79736BFE237285BB468D1B177DE79E78A98FF6F0953A74EBD67CA942947A7CCFAF4D674FF4300D8067D21AB5F32232E30FBD18F7EB4D5C95A246929E9AB7BFDF5D78BA9B9A5EDA9CDAF78A2367EFCF819AB56AD3A3D1DACE5CD7D8B9274D0FE73D4A851FDD301FB8F94C9FF3F9F0F00A86C9B5F57577766FA364FA2E26E34B110714C5B6E8978DE85175EB876EAD4A90DE7EBA536FF8CF6D4E677680D6F62ECD8B1E3962E5D7AE605175CB0B4B946D66224ED9C73CE79CFDAB56BAF4C076CAC8F070054DE2DB7DC125392A717C95A8CAC9D77DE79F9724D9B7BB799D82E2E1CF8D6B7BE553A921657A49ED7DEDAFCEAD6F246D201FAF5902143965F72C925570D1E3CB8E331C71CD36D0B2F3058F8E31FFFF8AE279F7C32969C3E2F05C4F53E1600D07AA424EBFAD4E6C795A357565555ED10E7ACDD7BEFBDF94506B11E5E2C62BCE79E7BE68BABC75D0C627A3392B358CC76CA9429516AFFF18F7FC46053319216EBB99DD91EDBFCEAD6F46622CB1E3A74E8E3B7DE7AEB9874B0FE65E4C8913D0E3CF0C0AE9BF9F49513274EBCEBC61B6FDC6BCD9A357BA5037FA8E94E00689D8A363FB5D7D714CB7644C2160B0717B792DB84D219C1C9714E5A7B6DF3AB5BDB1B8AF9EBF4E55FD3C11B3C7AF4E8333A77EEBC5FBF7EFDDE1C3060C0F67BECB147E75EBD7AF58D55AB57AC58F146CAAE173DFFFCF3D3274F9EDC71FAF4E9FBA4031C2BAA5E3167CE9CB12E1C0080D6ADBECD3F22DAFC946C8D4C09DBC07F2237999CCA98F6DEE657B7E28317AB09DF3E7CF8F05D9E7DF6D9C1CF3CF3CCC7D3CF07A51243A55D52E9994A2C6D1E6BA6FC3E9533EA0F3800D0B612B68636BFB6B676704AD88A36BF6F7D9B1F6D7F5C2D1AF7EE8CDB42DDBEADB4F9D5ADFD0D8E1B372EEED0FCD3FA0200B453DAFC0D75B00B0000246A0000A586A4B25BC9CF31D3F7C3CD78DE83DB4A0E235103002A256E9AFE6AC9CF7151C076F5DF1737618D73D43E549FD01565552AEF29F9F97BA9ECD81E7750B51801002AA07F2AD7A5B2777D09B5A9EC9ECA51A97C38955FA612B72D9A529FC02DAFDF6E594982F7CE54BEDD5E7792440D0028B7182D3B309571D9BAA9CECB5279A3FE7791A4DD5F5F4AFD2E951FD57FBF73FD76E1945486D6277912350080ADD4A53ED93A2F953B52999FAD3B5F2DEED01EA366C7A7D23D959B4A9E33B724793BA9E4FBFDDA6B92265103002A61712ABF4EE580541ECDD68DB03D50FF789180F569F49C9DB275A368F19C5D53F942B66E14EE7FB4E71D255103002A216E9E7E672AC7A6F2702AFF91CAFFADFF5D8CB8C548D9C525DBC7B4E793D9BA91B799D9BA0B0AEE2F798E440D00A0990CCAD65DE519B948BF546667FF3D9AB67D2ADD1A6DFF87542E4FE5EC547E91CA845446A57291440D00A0F9BCA33EE18AA9CEB8A23346D43E93CAE1F5BFEFD268FB98063D2D956FA5F256FD637135E8D5D9BA29D348E2AEAD4FF6246A00005B212E1EB82595E74A1EFB7B7DC2166244EDC325495D8CB85D56B2EDAAFAAF2FA77274B6EEBCB5D9ED714759F01600A884E71AFD7C5DC9F74B53F9634952F768A36DBF50F27D5C25DA6ECF5393A801006D4DEDB6F28F4AD40000246A6CF141EAD0A1AEB6B6D68E680D5DB8DADAB865C91A318418420C215123D7A54B97B94B962CB1235A81B7DE7A6B5AFAF28C18420C218690A891EBD4A9D3E4458B16D911ADC09C3973E252F249620831841842A2466EE5CA953F9C3D7BF6EABABA3A3BA3B2662C58B0202E01BF430C2186104348D4C81D72C8214FA4CAF1B959B366D91915346DDAB489E938CC3AE288231E17438821C41012354A7BB32366CC98B17CF1E2C57646052C5CB8F0EED48BFDB7DADADAB3C41062480C8921CAA5A35DD0368C1D3B76DE49279DF4C4FCF9F38FEBD9B367979A9A1A3BA58C95E3D4A953F7ABAAAAFACA91471E39590C2186C4901842A2C6066EBCF1C697478C18F19737DE78E3F8F4615DD6A3478FAEE9AB1DD372664C9B36EDB61933661C1695E3E1871F7EAF18420C8921314439F974B5410F3DF450BF0E1D3A5C5E5D5D7D609F3E7DFEDEBB77EF77A5DE6DDFF4989DB395627DA2B8F43DAEAA8A1376E35C909866183468D03431841812436208891A9B6DC28409FD530FEB84F4EDC0540E4AA58BBDB2D56211C9589F68522A77B4F71376C59018124362080000000000000000000000000000000000000000000000000000000000000000000000000000000000000000000000000000000000000000000000000000000000000000000000000000000000000000000000000000000000000000000000000000000000000000000000000000000000000000006846FF1F2AB9846E340442340000000049454E44AE426082, NULL);

-- ----------------------------
-- Table structure for act_ge_property
-- ----------------------------
DROP TABLE IF EXISTS `act_ge_property`;
CREATE TABLE `act_ge_property`  (
  `NAME_` varchar(64) CHARACTER SET utf8 COLLATE utf8_bin NOT NULL,
  `VALUE_` varchar(300) CHARACTER SET utf8 COLLATE utf8_bin NULL DEFAULT NULL,
  `REV_` int(11) NULL DEFAULT NULL,
  PRIMARY KEY (`NAME_`) USING BTREE
) ENGINE = InnoDB CHARACTER SET = utf8 COLLATE = utf8_bin ROW_FORMAT = Dynamic;

-- ----------------------------
-- Records of act_ge_property
-- ----------------------------
INSERT INTO `act_ge_property` VALUES ('cfg.execution-related-entities-count', 'false', 1);
INSERT INTO `act_ge_property` VALUES ('next.dbid', '17501', 8);
INSERT INTO `act_ge_property` VALUES ('schema.history', 'create(6.0.0.4)', 1);
INSERT INTO `act_ge_property` VALUES ('schema.version', '6.0.0.4', 1);

-- ----------------------------
-- Table structure for act_hi_actinst
-- ----------------------------
DROP TABLE IF EXISTS `act_hi_actinst`;
CREATE TABLE `act_hi_actinst`  (
  `ID_` varchar(64) CHARACTER SET utf8 COLLATE utf8_bin NOT NULL,
  `PROC_DEF_ID_` varchar(64) CHARACTER SET utf8 COLLATE utf8_bin NOT NULL,
  `PROC_INST_ID_` varchar(64) CHARACTER SET utf8 COLLATE utf8_bin NOT NULL,
  `EXECUTION_ID_` varchar(64) CHARACTER SET utf8 COLLATE utf8_bin NOT NULL,
  `ACT_ID_` varchar(255) CHARACTER SET utf8 COLLATE utf8_bin NOT NULL,
  `TASK_ID_` varchar(64) CHARACTER SET utf8 COLLATE utf8_bin NULL DEFAULT NULL,
  `CALL_PROC_INST_ID_` varchar(64) CHARACTER SET utf8 COLLATE utf8_bin NULL DEFAULT NULL,
  `ACT_NAME_` varchar(255) CHARACTER SET utf8 COLLATE utf8_bin NULL DEFAULT NULL,
  `ACT_TYPE_` varchar(255) CHARACTER SET utf8 COLLATE utf8_bin NOT NULL,
  `ASSIGNEE_` varchar(255) CHARACTER SET utf8 COLLATE utf8_bin NULL DEFAULT NULL,
  `START_TIME_` datetime(3) NULL,
  `END_TIME_` datetime(3) NULL DEFAULT NULL,
  `DURATION_` bigint(20) NULL DEFAULT NULL,
  `DELETE_REASON_` varchar(4000) CHARACTER SET utf8 COLLATE utf8_bin NULL DEFAULT NULL,
  `TENANT_ID_` varchar(255) CHARACTER SET utf8 COLLATE utf8_bin NULL DEFAULT '',
  PRIMARY KEY (`ID_`) USING BTREE,
  INDEX `ACT_IDX_HI_ACT_INST_START`(`START_TIME_`) USING BTREE,
  INDEX `ACT_IDX_HI_ACT_INST_END`(`END_TIME_`) USING BTREE,
  INDEX `ACT_IDX_HI_ACT_INST_PROCINST`(`PROC_INST_ID_`, `ACT_ID_`) USING BTREE,
  INDEX `ACT_IDX_HI_ACT_INST_EXEC`(`EXECUTION_ID_`, `ACT_ID_`) USING BTREE
) ENGINE = InnoDB CHARACTER SET = utf8 COLLATE = utf8_bin ROW_FORMAT = Dynamic;

-- ----------------------------
-- Table structure for act_hi_attachment
-- ----------------------------
DROP TABLE IF EXISTS `act_hi_attachment`;
CREATE TABLE `act_hi_attachment`  (
  `ID_` varchar(64) CHARACTER SET utf8 COLLATE utf8_bin NOT NULL,
  `REV_` int(11) NULL DEFAULT NULL,
  `USER_ID_` varchar(255) CHARACTER SET utf8 COLLATE utf8_bin NULL DEFAULT NULL,
  `NAME_` varchar(255) CHARACTER SET utf8 COLLATE utf8_bin NULL DEFAULT NULL,
  `DESCRIPTION_` varchar(4000) CHARACTER SET utf8 COLLATE utf8_bin NULL DEFAULT NULL,
  `TYPE_` varchar(255) CHARACTER SET utf8 COLLATE utf8_bin NULL DEFAULT NULL,
  `TASK_ID_` varchar(64) CHARACTER SET utf8 COLLATE utf8_bin NULL DEFAULT NULL,
  `PROC_INST_ID_` varchar(64) CHARACTER SET utf8 COLLATE utf8_bin NULL DEFAULT NULL,
  `URL_` varchar(4000) CHARACTER SET utf8 COLLATE utf8_bin NULL DEFAULT NULL,
  `CONTENT_ID_` varchar(64) CHARACTER SET utf8 COLLATE utf8_bin NULL DEFAULT NULL,
  `TIME_` datetime(3) NULL DEFAULT NULL,
  PRIMARY KEY (`ID_`) USING BTREE
) ENGINE = InnoDB CHARACTER SET = utf8 COLLATE = utf8_bin ROW_FORMAT = Dynamic;

-- ----------------------------
-- Table structure for act_hi_comment
-- ----------------------------
DROP TABLE IF EXISTS `act_hi_comment`;
CREATE TABLE `act_hi_comment`  (
  `ID_` varchar(64) CHARACTER SET utf8 COLLATE utf8_bin NOT NULL,
  `TYPE_` varchar(255) CHARACTER SET utf8 COLLATE utf8_bin NULL DEFAULT NULL,
  `TIME_` datetime(3) NULL,
  `USER_ID_` varchar(255) CHARACTER SET utf8 COLLATE utf8_bin NULL DEFAULT NULL,
  `TASK_ID_` varchar(64) CHARACTER SET utf8 COLLATE utf8_bin NULL DEFAULT NULL,
  `PROC_INST_ID_` varchar(64) CHARACTER SET utf8 COLLATE utf8_bin NULL DEFAULT NULL,
  `ACTION_` varchar(255) CHARACTER SET utf8 COLLATE utf8_bin NULL DEFAULT NULL,
  `MESSAGE_` varchar(4000) CHARACTER SET utf8 COLLATE utf8_bin NULL DEFAULT NULL,
  `FULL_MSG_` longblob NULL,
  PRIMARY KEY (`ID_`) USING BTREE
) ENGINE = InnoDB CHARACTER SET = utf8 COLLATE = utf8_bin ROW_FORMAT = Dynamic;

-- ----------------------------
-- Table structure for act_hi_detail
-- ----------------------------
DROP TABLE IF EXISTS `act_hi_detail`;
CREATE TABLE `act_hi_detail`  (
  `ID_` varchar(64) CHARACTER SET utf8 COLLATE utf8_bin NOT NULL,
  `TYPE_` varchar(255) CHARACTER SET utf8 COLLATE utf8_bin NOT NULL,
  `PROC_INST_ID_` varchar(64) CHARACTER SET utf8 COLLATE utf8_bin NULL DEFAULT NULL,
  `EXECUTION_ID_` varchar(64) CHARACTER SET utf8 COLLATE utf8_bin NULL DEFAULT NULL,
  `TASK_ID_` varchar(64) CHARACTER SET utf8 COLLATE utf8_bin NULL DEFAULT NULL,
  `ACT_INST_ID_` varchar(64) CHARACTER SET utf8 COLLATE utf8_bin NULL DEFAULT NULL,
  `NAME_` varchar(255) CHARACTER SET utf8 COLLATE utf8_bin NOT NULL,
  `VAR_TYPE_` varchar(255) CHARACTER SET utf8 COLLATE utf8_bin NULL DEFAULT NULL,
  `REV_` int(11) NULL DEFAULT NULL,
  `TIME_` datetime(3) NULL,
  `BYTEARRAY_ID_` varchar(64) CHARACTER SET utf8 COLLATE utf8_bin NULL DEFAULT NULL,
  `DOUBLE_` double NULL DEFAULT NULL,
  `LONG_` bigint(20) NULL DEFAULT NULL,
  `TEXT_` varchar(4000) CHARACTER SET utf8 COLLATE utf8_bin NULL DEFAULT NULL,
  `TEXT2_` varchar(4000) CHARACTER SET utf8 COLLATE utf8_bin NULL DEFAULT NULL,
  PRIMARY KEY (`ID_`) USING BTREE,
  INDEX `ACT_IDX_HI_DETAIL_PROC_INST`(`PROC_INST_ID_`) USING BTREE,
  INDEX `ACT_IDX_HI_DETAIL_ACT_INST`(`ACT_INST_ID_`) USING BTREE,
  INDEX `ACT_IDX_HI_DETAIL_TIME`(`TIME_`) USING BTREE,
  INDEX `ACT_IDX_HI_DETAIL_NAME`(`NAME_`) USING BTREE,
  INDEX `ACT_IDX_HI_DETAIL_TASK_ID`(`TASK_ID_`) USING BTREE
) ENGINE = InnoDB CHARACTER SET = utf8 COLLATE = utf8_bin ROW_FORMAT = Dynamic;

-- ----------------------------
-- Table structure for act_hi_identitylink
-- ----------------------------
DROP TABLE IF EXISTS `act_hi_identitylink`;
CREATE TABLE `act_hi_identitylink`  (
  `ID_` varchar(64) CHARACTER SET utf8 COLLATE utf8_bin NOT NULL,
  `GROUP_ID_` varchar(255) CHARACTER SET utf8 COLLATE utf8_bin NULL DEFAULT NULL,
  `TYPE_` varchar(255) CHARACTER SET utf8 COLLATE utf8_bin NULL DEFAULT NULL,
  `USER_ID_` varchar(255) CHARACTER SET utf8 COLLATE utf8_bin NULL DEFAULT NULL,
  `TASK_ID_` varchar(64) CHARACTER SET utf8 COLLATE utf8_bin NULL DEFAULT NULL,
  `PROC_INST_ID_` varchar(64) CHARACTER SET utf8 COLLATE utf8_bin NULL DEFAULT NULL,
  PRIMARY KEY (`ID_`) USING BTREE,
  INDEX `ACT_IDX_HI_IDENT_LNK_USER`(`USER_ID_`) USING BTREE,
  INDEX `ACT_IDX_HI_IDENT_LNK_TASK`(`TASK_ID_`) USING BTREE,
  INDEX `ACT_IDX_HI_IDENT_LNK_PROCINST`(`PROC_INST_ID_`) USING BTREE
) ENGINE = InnoDB CHARACTER SET = utf8 COLLATE = utf8_bin ROW_FORMAT = Dynamic;

-- ----------------------------
-- Table structure for act_hi_procinst
-- ----------------------------
DROP TABLE IF EXISTS `act_hi_procinst`;
CREATE TABLE `act_hi_procinst`  (
  `ID_` varchar(64) CHARACTER SET utf8 COLLATE utf8_bin NOT NULL,
  `PROC_INST_ID_` varchar(64) CHARACTER SET utf8 COLLATE utf8_bin NOT NULL,
  `BUSINESS_KEY_` varchar(255) CHARACTER SET utf8 COLLATE utf8_bin NULL DEFAULT NULL,
  `PROC_DEF_ID_` varchar(64) CHARACTER SET utf8 COLLATE utf8_bin NOT NULL,
  `START_TIME_` datetime(3) NULL,
  `END_TIME_` datetime(3) NULL DEFAULT NULL,
  `DURATION_` bigint(20) NULL DEFAULT NULL,
  `START_USER_ID_` varchar(255) CHARACTER SET utf8 COLLATE utf8_bin NULL DEFAULT NULL,
  `START_ACT_ID_` varchar(255) CHARACTER SET utf8 COLLATE utf8_bin NULL DEFAULT NULL,
  `END_ACT_ID_` varchar(255) CHARACTER SET utf8 COLLATE utf8_bin NULL DEFAULT NULL,
  `SUPER_PROCESS_INSTANCE_ID_` varchar(64) CHARACTER SET utf8 COLLATE utf8_bin NULL DEFAULT NULL,
  `DELETE_REASON_` varchar(4000) CHARACTER SET utf8 COLLATE utf8_bin NULL DEFAULT NULL,
  `TENANT_ID_` varchar(255) CHARACTER SET utf8 COLLATE utf8_bin NULL DEFAULT '',
  `NAME_` varchar(255) CHARACTER SET utf8 COLLATE utf8_bin NULL DEFAULT NULL,
  PRIMARY KEY (`ID_`) USING BTREE,
  UNIQUE INDEX `PROC_INST_ID_`(`PROC_INST_ID_`) USING BTREE,
  INDEX `ACT_IDX_HI_PRO_INST_END`(`END_TIME_`) USING BTREE,
  INDEX `ACT_IDX_HI_PRO_I_BUSKEY`(`BUSINESS_KEY_`) USING BTREE
) ENGINE = InnoDB CHARACTER SET = utf8 COLLATE = utf8_bin ROW_FORMAT = Dynamic;

-- ----------------------------
-- Table structure for act_hi_taskinst
-- ----------------------------
DROP TABLE IF EXISTS `act_hi_taskinst`;
CREATE TABLE `act_hi_taskinst`  (
  `ID_` varchar(64) CHARACTER SET utf8 COLLATE utf8_bin NOT NULL,
  `PROC_DEF_ID_` varchar(64) CHARACTER SET utf8 COLLATE utf8_bin NULL DEFAULT NULL,
  `TASK_DEF_KEY_` varchar(255) CHARACTER SET utf8 COLLATE utf8_bin NULL DEFAULT NULL,
  `PROC_INST_ID_` varchar(64) CHARACTER SET utf8 COLLATE utf8_bin NULL DEFAULT NULL,
  `EXECUTION_ID_` varchar(64) CHARACTER SET utf8 COLLATE utf8_bin NULL DEFAULT NULL,
  `NAME_` varchar(255) CHARACTER SET utf8 COLLATE utf8_bin NULL DEFAULT NULL,
  `PARENT_TASK_ID_` varchar(64) CHARACTER SET utf8 COLLATE utf8_bin NULL DEFAULT NULL,
  `DESCRIPTION_` varchar(4000) CHARACTER SET utf8 COLLATE utf8_bin NULL DEFAULT NULL,
  `OWNER_` varchar(255) CHARACTER SET utf8 COLLATE utf8_bin NULL DEFAULT NULL,
  `ASSIGNEE_` varchar(255) CHARACTER SET utf8 COLLATE utf8_bin NULL DEFAULT NULL,
  `START_TIME_` datetime(3) NULL,
  `CLAIM_TIME_` datetime(3) NULL DEFAULT NULL,
  `END_TIME_` datetime(3) NULL DEFAULT NULL,
  `DURATION_` bigint(20) NULL DEFAULT NULL,
  `DELETE_REASON_` varchar(4000) CHARACTER SET utf8 COLLATE utf8_bin NULL DEFAULT NULL,
  `PRIORITY_` int(11) NULL DEFAULT NULL,
  `DUE_DATE_` datetime(3) NULL DEFAULT NULL,
  `FORM_KEY_` varchar(255) CHARACTER SET utf8 COLLATE utf8_bin NULL DEFAULT NULL,
  `CATEGORY_` varchar(255) CHARACTER SET utf8 COLLATE utf8_bin NULL DEFAULT NULL,
  `TENANT_ID_` varchar(255) CHARACTER SET utf8 COLLATE utf8_bin NULL DEFAULT '',
  PRIMARY KEY (`ID_`) USING BTREE,
  INDEX `ACT_IDX_HI_TASK_INST_PROCINST`(`PROC_INST_ID_`) USING BTREE
) ENGINE = InnoDB CHARACTER SET = utf8 COLLATE = utf8_bin ROW_FORMAT = Dynamic;

-- ----------------------------
-- Table structure for act_hi_varinst
-- ----------------------------
DROP TABLE IF EXISTS `act_hi_varinst`;
CREATE TABLE `act_hi_varinst`  (
  `ID_` varchar(64) CHARACTER SET utf8 COLLATE utf8_bin NOT NULL,
  `PROC_INST_ID_` varchar(64) CHARACTER SET utf8 COLLATE utf8_bin NULL DEFAULT NULL,
  `EXECUTION_ID_` varchar(64) CHARACTER SET utf8 COLLATE utf8_bin NULL DEFAULT NULL,
  `TASK_ID_` varchar(64) CHARACTER SET utf8 COLLATE utf8_bin NULL DEFAULT NULL,
  `NAME_` varchar(255) CHARACTER SET utf8 COLLATE utf8_bin NOT NULL,
  `VAR_TYPE_` varchar(100) CHARACTER SET utf8 COLLATE utf8_bin NULL DEFAULT NULL,
  `REV_` int(11) NULL DEFAULT NULL,
  `BYTEARRAY_ID_` varchar(64) CHARACTER SET utf8 COLLATE utf8_bin NULL DEFAULT NULL,
  `DOUBLE_` double NULL DEFAULT NULL,
  `LONG_` bigint(20) NULL DEFAULT NULL,
  `TEXT_` varchar(4000) CHARACTER SET utf8 COLLATE utf8_bin NULL DEFAULT NULL,
  `TEXT2_` varchar(4000) CHARACTER SET utf8 COLLATE utf8_bin NULL DEFAULT NULL,
  `CREATE_TIME_` datetime(3) NULL DEFAULT NULL,
  `LAST_UPDATED_TIME_` datetime(3) NULL DEFAULT NULL,
  PRIMARY KEY (`ID_`) USING BTREE,
  INDEX `ACT_IDX_HI_PROCVAR_PROC_INST`(`PROC_INST_ID_`) USING BTREE,
  INDEX `ACT_IDX_HI_PROCVAR_NAME_TYPE`(`NAME_`, `VAR_TYPE_`) USING BTREE,
  INDEX `ACT_IDX_HI_PROCVAR_TASK_ID`(`TASK_ID_`) USING BTREE
) ENGINE = InnoDB CHARACTER SET = utf8 COLLATE = utf8_bin ROW_FORMAT = Dynamic;

-- ----------------------------
-- Table structure for act_id_group
-- ----------------------------
DROP TABLE IF EXISTS `act_id_group`;
CREATE TABLE `act_id_group`  (
  `ID_` varchar(64) CHARACTER SET utf8 COLLATE utf8_bin NOT NULL,
  `REV_` int(11) NULL DEFAULT NULL,
  `NAME_` varchar(255) CHARACTER SET utf8 COLLATE utf8_bin NULL DEFAULT NULL,
  `TYPE_` varchar(255) CHARACTER SET utf8 COLLATE utf8_bin NULL DEFAULT NULL,
  PRIMARY KEY (`ID_`) USING BTREE
) ENGINE = InnoDB CHARACTER SET = utf8 COLLATE = utf8_bin ROW_FORMAT = Dynamic;

-- ----------------------------
-- Table structure for act_id_info
-- ----------------------------
DROP TABLE IF EXISTS `act_id_info`;
CREATE TABLE `act_id_info`  (
  `ID_` varchar(64) CHARACTER SET utf8 COLLATE utf8_bin NOT NULL,
  `REV_` int(11) NULL DEFAULT NULL,
  `USER_ID_` varchar(64) CHARACTER SET utf8 COLLATE utf8_bin NULL DEFAULT NULL,
  `TYPE_` varchar(64) CHARACTER SET utf8 COLLATE utf8_bin NULL DEFAULT NULL,
  `KEY_` varchar(255) CHARACTER SET utf8 COLLATE utf8_bin NULL DEFAULT NULL,
  `VALUE_` varchar(255) CHARACTER SET utf8 COLLATE utf8_bin NULL DEFAULT NULL,
  `PASSWORD_` longblob NULL,
  `PARENT_ID_` varchar(255) CHARACTER SET utf8 COLLATE utf8_bin NULL DEFAULT NULL,
  PRIMARY KEY (`ID_`) USING BTREE
) ENGINE = InnoDB CHARACTER SET = utf8 COLLATE = utf8_bin ROW_FORMAT = Dynamic;

-- ----------------------------
-- Table structure for act_id_membership
-- ----------------------------
DROP TABLE IF EXISTS `act_id_membership`;
CREATE TABLE `act_id_membership`  (
  `USER_ID_` varchar(64) CHARACTER SET utf8 COLLATE utf8_bin NOT NULL,
  `GROUP_ID_` varchar(64) CHARACTER SET utf8 COLLATE utf8_bin NOT NULL,
  PRIMARY KEY (`USER_ID_`, `GROUP_ID_`) USING BTREE,
  INDEX `ACT_FK_MEMB_GROUP`(`GROUP_ID_`) USING BTREE,
  CONSTRAINT `ACT_FK_MEMB_GROUP` FOREIGN KEY (`GROUP_ID_`) REFERENCES `act_id_group` (`ID_`) ON DELETE RESTRICT ON UPDATE RESTRICT,
  CONSTRAINT `ACT_FK_MEMB_USER` FOREIGN KEY (`USER_ID_`) REFERENCES `act_id_user` (`ID_`) ON DELETE RESTRICT ON UPDATE RESTRICT
) ENGINE = InnoDB CHARACTER SET = utf8 COLLATE = utf8_bin ROW_FORMAT = Dynamic;

-- ----------------------------
-- Table structure for act_id_user
-- ----------------------------
DROP TABLE IF EXISTS `act_id_user`;
CREATE TABLE `act_id_user`  (
  `ID_` varchar(64) CHARACTER SET utf8 COLLATE utf8_bin NOT NULL,
  `REV_` int(11) NULL DEFAULT NULL,
  `FIRST_` varchar(255) CHARACTER SET utf8 COLLATE utf8_bin NULL DEFAULT NULL,
  `LAST_` varchar(255) CHARACTER SET utf8 COLLATE utf8_bin NULL DEFAULT NULL,
  `EMAIL_` varchar(255) CHARACTER SET utf8 COLLATE utf8_bin NULL DEFAULT NULL,
  `PWD_` varchar(255) CHARACTER SET utf8 COLLATE utf8_bin NULL DEFAULT NULL,
  `PICTURE_ID_` varchar(64) CHARACTER SET utf8 COLLATE utf8_bin NULL DEFAULT NULL,
  PRIMARY KEY (`ID_`) USING BTREE
) ENGINE = InnoDB CHARACTER SET = utf8 COLLATE = utf8_bin ROW_FORMAT = Dynamic;

-- ----------------------------
-- Table structure for act_procdef_info
-- ----------------------------
DROP TABLE IF EXISTS `act_procdef_info`;
CREATE TABLE `act_procdef_info`  (
  `ID_` varchar(64) CHARACTER SET utf8 COLLATE utf8_bin NOT NULL,
  `PROC_DEF_ID_` varchar(64) CHARACTER SET utf8 COLLATE utf8_bin NOT NULL,
  `REV_` int(11) NULL DEFAULT NULL,
  `INFO_JSON_ID_` varchar(64) CHARACTER SET utf8 COLLATE utf8_bin NULL DEFAULT NULL,
  PRIMARY KEY (`ID_`) USING BTREE,
  UNIQUE INDEX `ACT_UNIQ_INFO_PROCDEF`(`PROC_DEF_ID_`) USING BTREE,
  INDEX `ACT_IDX_INFO_PROCDEF`(`PROC_DEF_ID_`) USING BTREE,
  INDEX `ACT_FK_INFO_JSON_BA`(`INFO_JSON_ID_`) USING BTREE,
  CONSTRAINT `ACT_FK_INFO_JSON_BA` FOREIGN KEY (`INFO_JSON_ID_`) REFERENCES `act_ge_bytearray` (`ID_`) ON DELETE RESTRICT ON UPDATE RESTRICT,
  CONSTRAINT `ACT_FK_INFO_PROCDEF` FOREIGN KEY (`PROC_DEF_ID_`) REFERENCES `act_re_procdef` (`ID_`) ON DELETE RESTRICT ON UPDATE RESTRICT
) ENGINE = InnoDB CHARACTER SET = utf8 COLLATE = utf8_bin ROW_FORMAT = Dynamic;

-- ----------------------------
-- Table structure for act_re_deployment
-- ----------------------------
DROP TABLE IF EXISTS `act_re_deployment`;
CREATE TABLE `act_re_deployment`  (
  `ID_` varchar(64) CHARACTER SET utf8 COLLATE utf8_bin NOT NULL,
  `NAME_` varchar(255) CHARACTER SET utf8 COLLATE utf8_bin NULL DEFAULT NULL,
  `CATEGORY_` varchar(255) CHARACTER SET utf8 COLLATE utf8_bin NULL DEFAULT NULL,
  `KEY_` varchar(255) CHARACTER SET utf8 COLLATE utf8_bin NULL DEFAULT NULL,
  `TENANT_ID_` varchar(255) CHARACTER SET utf8 COLLATE utf8_bin NULL DEFAULT '',
  `DEPLOY_TIME_` timestamp(3) NULL DEFAULT NULL,
  `ENGINE_VERSION_` varchar(255) CHARACTER SET utf8 COLLATE utf8_bin NULL DEFAULT NULL,
  PRIMARY KEY (`ID_`) USING BTREE
) ENGINE = InnoDB CHARACTER SET = utf8 COLLATE = utf8_bin ROW_FORMAT = Dynamic;

-- ----------------------------
-- Records of act_re_deployment
-- ----------------------------
INSERT INTO `act_re_deployment` VALUES ('15001', '出差模板', NULL, NULL, '', '2020-12-20 18:22:55.518', NULL);
INSERT INTO `act_re_deployment` VALUES ('15005', '出差模板', NULL, NULL, '', '2020-12-20 18:22:57.054', NULL);

-- ----------------------------
-- Table structure for act_re_model
-- ----------------------------
DROP TABLE IF EXISTS `act_re_model`;
CREATE TABLE `act_re_model`  (
  `ID_` varchar(64) CHARACTER SET utf8 COLLATE utf8_bin NOT NULL,
  `REV_` int(11) NULL DEFAULT NULL,
  `NAME_` varchar(255) CHARACTER SET utf8 COLLATE utf8_bin NULL DEFAULT NULL,
  `KEY_` varchar(255) CHARACTER SET utf8 COLLATE utf8_bin NULL DEFAULT NULL,
  `CATEGORY_` varchar(255) CHARACTER SET utf8 COLLATE utf8_bin NULL DEFAULT NULL,
  `CREATE_TIME_` timestamp(3) NULL DEFAULT NULL,
  `LAST_UPDATE_TIME_` timestamp(3) NULL DEFAULT NULL,
  `VERSION_` int(11) NULL DEFAULT NULL,
  `META_INFO_` varchar(4000) CHARACTER SET utf8 COLLATE utf8_bin NULL DEFAULT NULL,
  `DEPLOYMENT_ID_` varchar(64) CHARACTER SET utf8 COLLATE utf8_bin NULL DEFAULT NULL,
  `EDITOR_SOURCE_VALUE_ID_` varchar(64) CHARACTER SET utf8 COLLATE utf8_bin NULL DEFAULT NULL,
  `EDITOR_SOURCE_EXTRA_VALUE_ID_` varchar(64) CHARACTER SET utf8 COLLATE utf8_bin NULL DEFAULT NULL,
  `TENANT_ID_` varchar(255) CHARACTER SET utf8 COLLATE utf8_bin NULL DEFAULT '',
  PRIMARY KEY (`ID_`) USING BTREE,
  INDEX `ACT_FK_MODEL_SOURCE`(`EDITOR_SOURCE_VALUE_ID_`) USING BTREE,
  INDEX `ACT_FK_MODEL_SOURCE_EXTRA`(`EDITOR_SOURCE_EXTRA_VALUE_ID_`) USING BTREE,
  INDEX `ACT_FK_MODEL_DEPLOYMENT`(`DEPLOYMENT_ID_`) USING BTREE,
  CONSTRAINT `ACT_FK_MODEL_DEPLOYMENT` FOREIGN KEY (`DEPLOYMENT_ID_`) REFERENCES `act_re_deployment` (`ID_`) ON DELETE RESTRICT ON UPDATE RESTRICT,
  CONSTRAINT `ACT_FK_MODEL_SOURCE` FOREIGN KEY (`EDITOR_SOURCE_VALUE_ID_`) REFERENCES `act_ge_bytearray` (`ID_`) ON DELETE RESTRICT ON UPDATE RESTRICT,
  CONSTRAINT `ACT_FK_MODEL_SOURCE_EXTRA` FOREIGN KEY (`EDITOR_SOURCE_EXTRA_VALUE_ID_`) REFERENCES `act_ge_bytearray` (`ID_`) ON DELETE RESTRICT ON UPDATE RESTRICT
) ENGINE = InnoDB CHARACTER SET = utf8 COLLATE = utf8_bin ROW_FORMAT = Dynamic;

-- ----------------------------
-- Records of act_re_model
-- ----------------------------
INSERT INTO `act_re_model` VALUES ('5001', 6, '出差模板', 'eve_model', NULL, '2020-12-10 09:48:27.633', '2020-12-20 18:22:57.072', 1, '{\"name\":\"出差模板\",\"revision\":1,\"description\":\"出差申请模板\"}', '15001', '5002', '7501', '');

-- ----------------------------
-- Table structure for act_re_procdef
-- ----------------------------
DROP TABLE IF EXISTS `act_re_procdef`;
CREATE TABLE `act_re_procdef`  (
  `ID_` varchar(64) CHARACTER SET utf8 COLLATE utf8_bin NOT NULL,
  `REV_` int(11) NULL DEFAULT NULL,
  `CATEGORY_` varchar(255) CHARACTER SET utf8 COLLATE utf8_bin NULL DEFAULT NULL,
  `NAME_` varchar(255) CHARACTER SET utf8 COLLATE utf8_bin NULL DEFAULT NULL,
  `KEY_` varchar(255) CHARACTER SET utf8 COLLATE utf8_bin NOT NULL,
  `VERSION_` int(11) NOT NULL,
  `DEPLOYMENT_ID_` varchar(64) CHARACTER SET utf8 COLLATE utf8_bin NULL DEFAULT NULL,
  `RESOURCE_NAME_` varchar(4000) CHARACTER SET utf8 COLLATE utf8_bin NULL DEFAULT NULL,
  `DGRM_RESOURCE_NAME_` varchar(4000) CHARACTER SET utf8 COLLATE utf8_bin NULL DEFAULT NULL,
  `DESCRIPTION_` varchar(4000) CHARACTER SET utf8 COLLATE utf8_bin NULL DEFAULT NULL,
  `HAS_START_FORM_KEY_` tinyint(4) NULL DEFAULT NULL,
  `HAS_GRAPHICAL_NOTATION_` tinyint(4) NULL DEFAULT NULL,
  `SUSPENSION_STATE_` int(11) NULL DEFAULT NULL,
  `TENANT_ID_` varchar(255) CHARACTER SET utf8 COLLATE utf8_bin NULL DEFAULT '',
  `ENGINE_VERSION_` varchar(255) CHARACTER SET utf8 COLLATE utf8_bin NULL DEFAULT NULL,
  PRIMARY KEY (`ID_`) USING BTREE,
  UNIQUE INDEX `ACT_UNIQ_PROCDEF`(`KEY_`, `VERSION_`, `TENANT_ID_`) USING BTREE
) ENGINE = InnoDB CHARACTER SET = utf8 COLLATE = utf8_bin ROW_FORMAT = Dynamic;

-- ----------------------------
-- Records of act_re_procdef
-- ----------------------------
INSERT INTO `act_re_procdef` VALUES ('process:1:15004', 1, 'http://www.activiti.org/processdef', '出差模板', 'process', 1, '15001', '出差模板.bpmn20.xml', '出差模板.process.png', NULL, 0, 1, 1, '', NULL);
INSERT INTO `act_re_procdef` VALUES ('process:2:15008', 1, 'http://www.activiti.org/processdef', NULL, 'process', 2, '15005', '出差模板.bpmn20.xml', '出差模板.process.png', NULL, 0, 1, 1, '', NULL);

-- ----------------------------
-- Table structure for act_ru_deadletter_job
-- ----------------------------
DROP TABLE IF EXISTS `act_ru_deadletter_job`;
CREATE TABLE `act_ru_deadletter_job`  (
  `ID_` varchar(64) CHARACTER SET utf8 COLLATE utf8_bin NOT NULL,
  `REV_` int(11) NULL DEFAULT NULL,
  `TYPE_` varchar(255) CHARACTER SET utf8 COLLATE utf8_bin NOT NULL,
  `EXCLUSIVE_` tinyint(1) NULL DEFAULT NULL,
  `EXECUTION_ID_` varchar(64) CHARACTER SET utf8 COLLATE utf8_bin NULL DEFAULT NULL,
  `PROCESS_INSTANCE_ID_` varchar(64) CHARACTER SET utf8 COLLATE utf8_bin NULL DEFAULT NULL,
  `PROC_DEF_ID_` varchar(64) CHARACTER SET utf8 COLLATE utf8_bin NULL DEFAULT NULL,
  `EXCEPTION_STACK_ID_` varchar(64) CHARACTER SET utf8 COLLATE utf8_bin NULL DEFAULT NULL,
  `EXCEPTION_MSG_` varchar(4000) CHARACTER SET utf8 COLLATE utf8_bin NULL DEFAULT NULL,
  `DUEDATE_` timestamp(3) NULL DEFAULT NULL,
  `REPEAT_` varchar(255) CHARACTER SET utf8 COLLATE utf8_bin NULL DEFAULT NULL,
  `HANDLER_TYPE_` varchar(255) CHARACTER SET utf8 COLLATE utf8_bin NULL DEFAULT NULL,
  `HANDLER_CFG_` varchar(4000) CHARACTER SET utf8 COLLATE utf8_bin NULL DEFAULT NULL,
  `TENANT_ID_` varchar(255) CHARACTER SET utf8 COLLATE utf8_bin NULL DEFAULT '',
  PRIMARY KEY (`ID_`) USING BTREE,
  INDEX `ACT_FK_DEADLETTER_JOB_EXECUTION`(`EXECUTION_ID_`) USING BTREE,
  INDEX `ACT_FK_DEADLETTER_JOB_PROCESS_INSTANCE`(`PROCESS_INSTANCE_ID_`) USING BTREE,
  INDEX `ACT_FK_DEADLETTER_JOB_PROC_DEF`(`PROC_DEF_ID_`) USING BTREE,
  INDEX `ACT_FK_DEADLETTER_JOB_EXCEPTION`(`EXCEPTION_STACK_ID_`) USING BTREE,
  CONSTRAINT `ACT_FK_DEADLETTER_JOB_EXCEPTION` FOREIGN KEY (`EXCEPTION_STACK_ID_`) REFERENCES `act_ge_bytearray` (`ID_`) ON DELETE RESTRICT ON UPDATE RESTRICT,
  CONSTRAINT `ACT_FK_DEADLETTER_JOB_EXECUTION` FOREIGN KEY (`EXECUTION_ID_`) REFERENCES `act_ru_execution` (`ID_`) ON DELETE RESTRICT ON UPDATE RESTRICT,
  CONSTRAINT `ACT_FK_DEADLETTER_JOB_PROCESS_INSTANCE` FOREIGN KEY (`PROCESS_INSTANCE_ID_`) REFERENCES `act_ru_execution` (`ID_`) ON DELETE RESTRICT ON UPDATE RESTRICT,
  CONSTRAINT `ACT_FK_DEADLETTER_JOB_PROC_DEF` FOREIGN KEY (`PROC_DEF_ID_`) REFERENCES `act_re_procdef` (`ID_`) ON DELETE RESTRICT ON UPDATE RESTRICT
) ENGINE = InnoDB CHARACTER SET = utf8 COLLATE = utf8_bin ROW_FORMAT = Dynamic;

-- ----------------------------
-- Table structure for act_ru_event_subscr
-- ----------------------------
DROP TABLE IF EXISTS `act_ru_event_subscr`;
CREATE TABLE `act_ru_event_subscr`  (
  `ID_` varchar(64) CHARACTER SET utf8 COLLATE utf8_bin NOT NULL,
  `REV_` int(11) NULL DEFAULT NULL,
  `EVENT_TYPE_` varchar(255) CHARACTER SET utf8 COLLATE utf8_bin NOT NULL,
  `EVENT_NAME_` varchar(255) CHARACTER SET utf8 COLLATE utf8_bin NULL DEFAULT NULL,
  `EXECUTION_ID_` varchar(64) CHARACTER SET utf8 COLLATE utf8_bin NULL DEFAULT NULL,
  `PROC_INST_ID_` varchar(64) CHARACTER SET utf8 COLLATE utf8_bin NULL DEFAULT NULL,
  `ACTIVITY_ID_` varchar(64) CHARACTER SET utf8 COLLATE utf8_bin NULL DEFAULT NULL,
  `CONFIGURATION_` varchar(255) CHARACTER SET utf8 COLLATE utf8_bin NULL DEFAULT NULL,
  `CREATED_` timestamp(3) NOT NULL DEFAULT CURRENT_TIMESTAMP(3),
  `PROC_DEF_ID_` varchar(64) CHARACTER SET utf8 COLLATE utf8_bin NULL DEFAULT NULL,
  `TENANT_ID_` varchar(255) CHARACTER SET utf8 COLLATE utf8_bin NULL DEFAULT '',
  PRIMARY KEY (`ID_`) USING BTREE,
  INDEX `ACT_IDX_EVENT_SUBSCR_CONFIG_`(`CONFIGURATION_`) USING BTREE,
  INDEX `ACT_FK_EVENT_EXEC`(`EXECUTION_ID_`) USING BTREE,
  CONSTRAINT `ACT_FK_EVENT_EXEC` FOREIGN KEY (`EXECUTION_ID_`) REFERENCES `act_ru_execution` (`ID_`) ON DELETE RESTRICT ON UPDATE RESTRICT
) ENGINE = InnoDB CHARACTER SET = utf8 COLLATE = utf8_bin ROW_FORMAT = Dynamic;

-- ----------------------------
-- Table structure for act_ru_execution
-- ----------------------------
DROP TABLE IF EXISTS `act_ru_execution`;
CREATE TABLE `act_ru_execution`  (
  `ID_` varchar(64) CHARACTER SET utf8 COLLATE utf8_bin NOT NULL,
  `REV_` int(11) NULL DEFAULT NULL,
  `PROC_INST_ID_` varchar(64) CHARACTER SET utf8 COLLATE utf8_bin NULL DEFAULT NULL,
  `BUSINESS_KEY_` varchar(255) CHARACTER SET utf8 COLLATE utf8_bin NULL DEFAULT NULL,
  `PARENT_ID_` varchar(64) CHARACTER SET utf8 COLLATE utf8_bin NULL DEFAULT NULL,
  `PROC_DEF_ID_` varchar(64) CHARACTER SET utf8 COLLATE utf8_bin NULL DEFAULT NULL,
  `SUPER_EXEC_` varchar(64) CHARACTER SET utf8 COLLATE utf8_bin NULL DEFAULT NULL,
  `ROOT_PROC_INST_ID_` varchar(64) CHARACTER SET utf8 COLLATE utf8_bin NULL DEFAULT NULL,
  `ACT_ID_` varchar(255) CHARACTER SET utf8 COLLATE utf8_bin NULL DEFAULT NULL,
  `IS_ACTIVE_` tinyint(4) NULL DEFAULT NULL,
  `IS_CONCURRENT_` tinyint(4) NULL DEFAULT NULL,
  `IS_SCOPE_` tinyint(4) NULL DEFAULT NULL,
  `IS_EVENT_SCOPE_` tinyint(4) NULL DEFAULT NULL,
  `IS_MI_ROOT_` tinyint(4) NULL DEFAULT NULL,
  `SUSPENSION_STATE_` int(11) NULL DEFAULT NULL,
  `CACHED_ENT_STATE_` int(11) NULL DEFAULT NULL,
  `TENANT_ID_` varchar(255) CHARACTER SET utf8 COLLATE utf8_bin NULL DEFAULT '',
  `NAME_` varchar(255) CHARACTER SET utf8 COLLATE utf8_bin NULL DEFAULT NULL,
  `START_TIME_` datetime(3) NULL DEFAULT NULL,
  `START_USER_ID_` varchar(255) CHARACTER SET utf8 COLLATE utf8_bin NULL DEFAULT NULL,
  `LOCK_TIME_` timestamp(3) NULL DEFAULT NULL,
  `IS_COUNT_ENABLED_` tinyint(4) NULL DEFAULT NULL,
  `EVT_SUBSCR_COUNT_` int(11) NULL DEFAULT NULL,
  `TASK_COUNT_` int(11) NULL DEFAULT NULL,
  `JOB_COUNT_` int(11) NULL DEFAULT NULL,
  `TIMER_JOB_COUNT_` int(11) NULL DEFAULT NULL,
  `SUSP_JOB_COUNT_` int(11) NULL DEFAULT NULL,
  `DEADLETTER_JOB_COUNT_` int(11) NULL DEFAULT NULL,
  `VAR_COUNT_` int(11) NULL DEFAULT NULL,
  `ID_LINK_COUNT_` int(11) NULL DEFAULT NULL,
  PRIMARY KEY (`ID_`) USING BTREE,
  INDEX `ACT_IDX_EXEC_BUSKEY`(`BUSINESS_KEY_`) USING BTREE,
  INDEX `ACT_IDC_EXEC_ROOT`(`ROOT_PROC_INST_ID_`) USING BTREE,
  INDEX `ACT_FK_EXE_PROCINST`(`PROC_INST_ID_`) USING BTREE,
  INDEX `ACT_FK_EXE_PARENT`(`PARENT_ID_`) USING BTREE,
  INDEX `ACT_FK_EXE_SUPER`(`SUPER_EXEC_`) USING BTREE,
  INDEX `ACT_FK_EXE_PROCDEF`(`PROC_DEF_ID_`) USING BTREE,
  CONSTRAINT `ACT_FK_EXE_PARENT` FOREIGN KEY (`PARENT_ID_`) REFERENCES `act_ru_execution` (`ID_`) ON DELETE CASCADE ON UPDATE RESTRICT,
  CONSTRAINT `ACT_FK_EXE_PROCDEF` FOREIGN KEY (`PROC_DEF_ID_`) REFERENCES `act_re_procdef` (`ID_`) ON DELETE RESTRICT ON UPDATE RESTRICT,
  CONSTRAINT `ACT_FK_EXE_PROCINST` FOREIGN KEY (`PROC_INST_ID_`) REFERENCES `act_ru_execution` (`ID_`) ON DELETE CASCADE ON UPDATE CASCADE,
  CONSTRAINT `ACT_FK_EXE_SUPER` FOREIGN KEY (`SUPER_EXEC_`) REFERENCES `act_ru_execution` (`ID_`) ON DELETE CASCADE ON UPDATE RESTRICT
) ENGINE = InnoDB CHARACTER SET = utf8 COLLATE = utf8_bin ROW_FORMAT = Dynamic;

-- ----------------------------
-- Table structure for act_ru_identitylink
-- ----------------------------
DROP TABLE IF EXISTS `act_ru_identitylink`;
CREATE TABLE `act_ru_identitylink`  (
  `ID_` varchar(64) CHARACTER SET utf8 COLLATE utf8_bin NOT NULL,
  `REV_` int(11) NULL DEFAULT NULL,
  `GROUP_ID_` varchar(255) CHARACTER SET utf8 COLLATE utf8_bin NULL DEFAULT NULL,
  `TYPE_` varchar(255) CHARACTER SET utf8 COLLATE utf8_bin NULL DEFAULT NULL,
  `USER_ID_` varchar(255) CHARACTER SET utf8 COLLATE utf8_bin NULL DEFAULT NULL,
  `TASK_ID_` varchar(64) CHARACTER SET utf8 COLLATE utf8_bin NULL DEFAULT NULL,
  `PROC_INST_ID_` varchar(64) CHARACTER SET utf8 COLLATE utf8_bin NULL DEFAULT NULL,
  `PROC_DEF_ID_` varchar(64) CHARACTER SET utf8 COLLATE utf8_bin NULL DEFAULT NULL,
  PRIMARY KEY (`ID_`) USING BTREE,
  INDEX `ACT_IDX_IDENT_LNK_USER`(`USER_ID_`) USING BTREE,
  INDEX `ACT_IDX_IDENT_LNK_GROUP`(`GROUP_ID_`) USING BTREE,
  INDEX `ACT_IDX_ATHRZ_PROCEDEF`(`PROC_DEF_ID_`) USING BTREE,
  INDEX `ACT_FK_TSKASS_TASK`(`TASK_ID_`) USING BTREE,
  INDEX `ACT_FK_IDL_PROCINST`(`PROC_INST_ID_`) USING BTREE,
  CONSTRAINT `ACT_FK_ATHRZ_PROCEDEF` FOREIGN KEY (`PROC_DEF_ID_`) REFERENCES `act_re_procdef` (`ID_`) ON DELETE RESTRICT ON UPDATE RESTRICT,
  CONSTRAINT `ACT_FK_IDL_PROCINST` FOREIGN KEY (`PROC_INST_ID_`) REFERENCES `act_ru_execution` (`ID_`) ON DELETE RESTRICT ON UPDATE RESTRICT,
  CONSTRAINT `ACT_FK_TSKASS_TASK` FOREIGN KEY (`TASK_ID_`) REFERENCES `act_ru_task` (`ID_`) ON DELETE RESTRICT ON UPDATE RESTRICT
) ENGINE = InnoDB CHARACTER SET = utf8 COLLATE = utf8_bin ROW_FORMAT = Dynamic;

-- ----------------------------
-- Table structure for act_ru_job
-- ----------------------------
DROP TABLE IF EXISTS `act_ru_job`;
CREATE TABLE `act_ru_job`  (
  `ID_` varchar(64) CHARACTER SET utf8 COLLATE utf8_bin NOT NULL,
  `REV_` int(11) NULL DEFAULT NULL,
  `TYPE_` varchar(255) CHARACTER SET utf8 COLLATE utf8_bin NOT NULL,
  `LOCK_EXP_TIME_` timestamp(3) NULL DEFAULT NULL,
  `LOCK_OWNER_` varchar(255) CHARACTER SET utf8 COLLATE utf8_bin NULL DEFAULT NULL,
  `EXCLUSIVE_` tinyint(1) NULL DEFAULT NULL,
  `EXECUTION_ID_` varchar(64) CHARACTER SET utf8 COLLATE utf8_bin NULL DEFAULT NULL,
  `PROCESS_INSTANCE_ID_` varchar(64) CHARACTER SET utf8 COLLATE utf8_bin NULL DEFAULT NULL,
  `PROC_DEF_ID_` varchar(64) CHARACTER SET utf8 COLLATE utf8_bin NULL DEFAULT NULL,
  `RETRIES_` int(11) NULL DEFAULT NULL,
  `EXCEPTION_STACK_ID_` varchar(64) CHARACTER SET utf8 COLLATE utf8_bin NULL DEFAULT NULL,
  `EXCEPTION_MSG_` varchar(4000) CHARACTER SET utf8 COLLATE utf8_bin NULL DEFAULT NULL,
  `DUEDATE_` timestamp(3) NULL DEFAULT NULL,
  `REPEAT_` varchar(255) CHARACTER SET utf8 COLLATE utf8_bin NULL DEFAULT NULL,
  `HANDLER_TYPE_` varchar(255) CHARACTER SET utf8 COLLATE utf8_bin NULL DEFAULT NULL,
  `HANDLER_CFG_` varchar(4000) CHARACTER SET utf8 COLLATE utf8_bin NULL DEFAULT NULL,
  `TENANT_ID_` varchar(255) CHARACTER SET utf8 COLLATE utf8_bin NULL DEFAULT '',
  PRIMARY KEY (`ID_`) USING BTREE,
  INDEX `ACT_FK_JOB_EXECUTION`(`EXECUTION_ID_`) USING BTREE,
  INDEX `ACT_FK_JOB_PROCESS_INSTANCE`(`PROCESS_INSTANCE_ID_`) USING BTREE,
  INDEX `ACT_FK_JOB_PROC_DEF`(`PROC_DEF_ID_`) USING BTREE,
  INDEX `ACT_FK_JOB_EXCEPTION`(`EXCEPTION_STACK_ID_`) USING BTREE,
  CONSTRAINT `ACT_FK_JOB_EXCEPTION` FOREIGN KEY (`EXCEPTION_STACK_ID_`) REFERENCES `act_ge_bytearray` (`ID_`) ON DELETE RESTRICT ON UPDATE RESTRICT,
  CONSTRAINT `ACT_FK_JOB_EXECUTION` FOREIGN KEY (`EXECUTION_ID_`) REFERENCES `act_ru_execution` (`ID_`) ON DELETE RESTRICT ON UPDATE RESTRICT,
  CONSTRAINT `ACT_FK_JOB_PROCESS_INSTANCE` FOREIGN KEY (`PROCESS_INSTANCE_ID_`) REFERENCES `act_ru_execution` (`ID_`) ON DELETE RESTRICT ON UPDATE RESTRICT,
  CONSTRAINT `ACT_FK_JOB_PROC_DEF` FOREIGN KEY (`PROC_DEF_ID_`) REFERENCES `act_re_procdef` (`ID_`) ON DELETE RESTRICT ON UPDATE RESTRICT
) ENGINE = InnoDB CHARACTER SET = utf8 COLLATE = utf8_bin ROW_FORMAT = Dynamic;

-- ----------------------------
-- Table structure for act_ru_suspended_job
-- ----------------------------
DROP TABLE IF EXISTS `act_ru_suspended_job`;
CREATE TABLE `act_ru_suspended_job`  (
  `ID_` varchar(64) CHARACTER SET utf8 COLLATE utf8_bin NOT NULL,
  `REV_` int(11) NULL DEFAULT NULL,
  `TYPE_` varchar(255) CHARACTER SET utf8 COLLATE utf8_bin NOT NULL,
  `EXCLUSIVE_` tinyint(1) NULL DEFAULT NULL,
  `EXECUTION_ID_` varchar(64) CHARACTER SET utf8 COLLATE utf8_bin NULL DEFAULT NULL,
  `PROCESS_INSTANCE_ID_` varchar(64) CHARACTER SET utf8 COLLATE utf8_bin NULL DEFAULT NULL,
  `PROC_DEF_ID_` varchar(64) CHARACTER SET utf8 COLLATE utf8_bin NULL DEFAULT NULL,
  `RETRIES_` int(11) NULL DEFAULT NULL,
  `EXCEPTION_STACK_ID_` varchar(64) CHARACTER SET utf8 COLLATE utf8_bin NULL DEFAULT NULL,
  `EXCEPTION_MSG_` varchar(4000) CHARACTER SET utf8 COLLATE utf8_bin NULL DEFAULT NULL,
  `DUEDATE_` timestamp(3) NULL DEFAULT NULL,
  `REPEAT_` varchar(255) CHARACTER SET utf8 COLLATE utf8_bin NULL DEFAULT NULL,
  `HANDLER_TYPE_` varchar(255) CHARACTER SET utf8 COLLATE utf8_bin NULL DEFAULT NULL,
  `HANDLER_CFG_` varchar(4000) CHARACTER SET utf8 COLLATE utf8_bin NULL DEFAULT NULL,
  `TENANT_ID_` varchar(255) CHARACTER SET utf8 COLLATE utf8_bin NULL DEFAULT '',
  PRIMARY KEY (`ID_`) USING BTREE,
  INDEX `ACT_FK_SUSPENDED_JOB_EXECUTION`(`EXECUTION_ID_`) USING BTREE,
  INDEX `ACT_FK_SUSPENDED_JOB_PROCESS_INSTANCE`(`PROCESS_INSTANCE_ID_`) USING BTREE,
  INDEX `ACT_FK_SUSPENDED_JOB_PROC_DEF`(`PROC_DEF_ID_`) USING BTREE,
  INDEX `ACT_FK_SUSPENDED_JOB_EXCEPTION`(`EXCEPTION_STACK_ID_`) USING BTREE,
  CONSTRAINT `ACT_FK_SUSPENDED_JOB_EXCEPTION` FOREIGN KEY (`EXCEPTION_STACK_ID_`) REFERENCES `act_ge_bytearray` (`ID_`) ON DELETE RESTRICT ON UPDATE RESTRICT,
  CONSTRAINT `ACT_FK_SUSPENDED_JOB_EXECUTION` FOREIGN KEY (`EXECUTION_ID_`) REFERENCES `act_ru_execution` (`ID_`) ON DELETE RESTRICT ON UPDATE RESTRICT,
  CONSTRAINT `ACT_FK_SUSPENDED_JOB_PROCESS_INSTANCE` FOREIGN KEY (`PROCESS_INSTANCE_ID_`) REFERENCES `act_ru_execution` (`ID_`) ON DELETE RESTRICT ON UPDATE RESTRICT,
  CONSTRAINT `ACT_FK_SUSPENDED_JOB_PROC_DEF` FOREIGN KEY (`PROC_DEF_ID_`) REFERENCES `act_re_procdef` (`ID_`) ON DELETE RESTRICT ON UPDATE RESTRICT
) ENGINE = InnoDB CHARACTER SET = utf8 COLLATE = utf8_bin ROW_FORMAT = Dynamic;

-- ----------------------------
-- Table structure for act_ru_task
-- ----------------------------
DROP TABLE IF EXISTS `act_ru_task`;
CREATE TABLE `act_ru_task`  (
  `ID_` varchar(64) CHARACTER SET utf8 COLLATE utf8_bin NOT NULL,
  `REV_` int(11) NULL DEFAULT NULL,
  `EXECUTION_ID_` varchar(64) CHARACTER SET utf8 COLLATE utf8_bin NULL DEFAULT NULL,
  `PROC_INST_ID_` varchar(64) CHARACTER SET utf8 COLLATE utf8_bin NULL DEFAULT NULL,
  `PROC_DEF_ID_` varchar(64) CHARACTER SET utf8 COLLATE utf8_bin NULL DEFAULT NULL,
  `NAME_` varchar(255) CHARACTER SET utf8 COLLATE utf8_bin NULL DEFAULT NULL,
  `PARENT_TASK_ID_` varchar(64) CHARACTER SET utf8 COLLATE utf8_bin NULL DEFAULT NULL,
  `DESCRIPTION_` varchar(4000) CHARACTER SET utf8 COLLATE utf8_bin NULL DEFAULT NULL,
  `TASK_DEF_KEY_` varchar(255) CHARACTER SET utf8 COLLATE utf8_bin NULL DEFAULT NULL,
  `OWNER_` varchar(255) CHARACTER SET utf8 COLLATE utf8_bin NULL DEFAULT NULL,
  `ASSIGNEE_` varchar(255) CHARACTER SET utf8 COLLATE utf8_bin NULL DEFAULT NULL,
  `DELEGATION_` varchar(64) CHARACTER SET utf8 COLLATE utf8_bin NULL DEFAULT NULL,
  `PRIORITY_` int(11) NULL DEFAULT NULL,
  `CREATE_TIME_` timestamp(3) NULL DEFAULT NULL,
  `DUE_DATE_` datetime(3) NULL DEFAULT NULL,
  `CATEGORY_` varchar(255) CHARACTER SET utf8 COLLATE utf8_bin NULL DEFAULT NULL,
  `SUSPENSION_STATE_` int(11) NULL DEFAULT NULL,
  `TENANT_ID_` varchar(255) CHARACTER SET utf8 COLLATE utf8_bin NULL DEFAULT '',
  `FORM_KEY_` varchar(255) CHARACTER SET utf8 COLLATE utf8_bin NULL DEFAULT NULL,
  `CLAIM_TIME_` datetime(3) NULL DEFAULT NULL,
  PRIMARY KEY (`ID_`) USING BTREE,
  INDEX `ACT_IDX_TASK_CREATE`(`CREATE_TIME_`) USING BTREE,
  INDEX `ACT_FK_TASK_EXE`(`EXECUTION_ID_`) USING BTREE,
  INDEX `ACT_FK_TASK_PROCINST`(`PROC_INST_ID_`) USING BTREE,
  INDEX `ACT_FK_TASK_PROCDEF`(`PROC_DEF_ID_`) USING BTREE,
  CONSTRAINT `ACT_FK_TASK_EXE` FOREIGN KEY (`EXECUTION_ID_`) REFERENCES `act_ru_execution` (`ID_`) ON DELETE RESTRICT ON UPDATE RESTRICT,
  CONSTRAINT `ACT_FK_TASK_PROCDEF` FOREIGN KEY (`PROC_DEF_ID_`) REFERENCES `act_re_procdef` (`ID_`) ON DELETE RESTRICT ON UPDATE RESTRICT,
  CONSTRAINT `ACT_FK_TASK_PROCINST` FOREIGN KEY (`PROC_INST_ID_`) REFERENCES `act_ru_execution` (`ID_`) ON DELETE RESTRICT ON UPDATE RESTRICT
) ENGINE = InnoDB CHARACTER SET = utf8 COLLATE = utf8_bin ROW_FORMAT = Dynamic;

-- ----------------------------
-- Table structure for act_ru_timer_job
-- ----------------------------
DROP TABLE IF EXISTS `act_ru_timer_job`;
CREATE TABLE `act_ru_timer_job`  (
  `ID_` varchar(64) CHARACTER SET utf8 COLLATE utf8_bin NOT NULL,
  `REV_` int(11) NULL DEFAULT NULL,
  `TYPE_` varchar(255) CHARACTER SET utf8 COLLATE utf8_bin NOT NULL,
  `LOCK_EXP_TIME_` timestamp(3) NULL DEFAULT NULL,
  `LOCK_OWNER_` varchar(255) CHARACTER SET utf8 COLLATE utf8_bin NULL DEFAULT NULL,
  `EXCLUSIVE_` tinyint(1) NULL DEFAULT NULL,
  `EXECUTION_ID_` varchar(64) CHARACTER SET utf8 COLLATE utf8_bin NULL DEFAULT NULL,
  `PROCESS_INSTANCE_ID_` varchar(64) CHARACTER SET utf8 COLLATE utf8_bin NULL DEFAULT NULL,
  `PROC_DEF_ID_` varchar(64) CHARACTER SET utf8 COLLATE utf8_bin NULL DEFAULT NULL,
  `RETRIES_` int(11) NULL DEFAULT NULL,
  `EXCEPTION_STACK_ID_` varchar(64) CHARACTER SET utf8 COLLATE utf8_bin NULL DEFAULT NULL,
  `EXCEPTION_MSG_` varchar(4000) CHARACTER SET utf8 COLLATE utf8_bin NULL DEFAULT NULL,
  `DUEDATE_` timestamp(3) NULL DEFAULT NULL,
  `REPEAT_` varchar(255) CHARACTER SET utf8 COLLATE utf8_bin NULL DEFAULT NULL,
  `HANDLER_TYPE_` varchar(255) CHARACTER SET utf8 COLLATE utf8_bin NULL DEFAULT NULL,
  `HANDLER_CFG_` varchar(4000) CHARACTER SET utf8 COLLATE utf8_bin NULL DEFAULT NULL,
  `TENANT_ID_` varchar(255) CHARACTER SET utf8 COLLATE utf8_bin NULL DEFAULT '',
  PRIMARY KEY (`ID_`) USING BTREE,
  INDEX `ACT_FK_TIMER_JOB_EXECUTION`(`EXECUTION_ID_`) USING BTREE,
  INDEX `ACT_FK_TIMER_JOB_PROCESS_INSTANCE`(`PROCESS_INSTANCE_ID_`) USING BTREE,
  INDEX `ACT_FK_TIMER_JOB_PROC_DEF`(`PROC_DEF_ID_`) USING BTREE,
  INDEX `ACT_FK_TIMER_JOB_EXCEPTION`(`EXCEPTION_STACK_ID_`) USING BTREE,
  CONSTRAINT `ACT_FK_TIMER_JOB_EXCEPTION` FOREIGN KEY (`EXCEPTION_STACK_ID_`) REFERENCES `act_ge_bytearray` (`ID_`) ON DELETE RESTRICT ON UPDATE RESTRICT,
  CONSTRAINT `ACT_FK_TIMER_JOB_EXECUTION` FOREIGN KEY (`EXECUTION_ID_`) REFERENCES `act_ru_execution` (`ID_`) ON DELETE RESTRICT ON UPDATE RESTRICT,
  CONSTRAINT `ACT_FK_TIMER_JOB_PROCESS_INSTANCE` FOREIGN KEY (`PROCESS_INSTANCE_ID_`) REFERENCES `act_ru_execution` (`ID_`) ON DELETE RESTRICT ON UPDATE RESTRICT,
  CONSTRAINT `ACT_FK_TIMER_JOB_PROC_DEF` FOREIGN KEY (`PROC_DEF_ID_`) REFERENCES `act_re_procdef` (`ID_`) ON DELETE RESTRICT ON UPDATE RESTRICT
) ENGINE = InnoDB CHARACTER SET = utf8 COLLATE = utf8_bin ROW_FORMAT = Dynamic;

-- ----------------------------
-- Table structure for act_ru_variable
-- ----------------------------
DROP TABLE IF EXISTS `act_ru_variable`;
CREATE TABLE `act_ru_variable`  (
  `ID_` varchar(64) CHARACTER SET utf8 COLLATE utf8_bin NOT NULL,
  `REV_` int(11) NULL DEFAULT NULL,
  `TYPE_` varchar(255) CHARACTER SET utf8 COLLATE utf8_bin NOT NULL,
  `NAME_` varchar(255) CHARACTER SET utf8 COLLATE utf8_bin NOT NULL,
  `EXECUTION_ID_` varchar(64) CHARACTER SET utf8 COLLATE utf8_bin NULL DEFAULT NULL,
  `PROC_INST_ID_` varchar(64) CHARACTER SET utf8 COLLATE utf8_bin NULL DEFAULT NULL,
  `TASK_ID_` varchar(64) CHARACTER SET utf8 COLLATE utf8_bin NULL DEFAULT NULL,
  `BYTEARRAY_ID_` varchar(64) CHARACTER SET utf8 COLLATE utf8_bin NULL DEFAULT NULL,
  `DOUBLE_` double NULL DEFAULT NULL,
  `LONG_` bigint(20) NULL DEFAULT NULL,
  `TEXT_` varchar(4000) CHARACTER SET utf8 COLLATE utf8_bin NULL DEFAULT NULL,
  `TEXT2_` varchar(4000) CHARACTER SET utf8 COLLATE utf8_bin NULL DEFAULT NULL,
  PRIMARY KEY (`ID_`) USING BTREE,
  INDEX `ACT_IDX_VARIABLE_TASK_ID`(`TASK_ID_`) USING BTREE,
  INDEX `ACT_FK_VAR_EXE`(`EXECUTION_ID_`) USING BTREE,
  INDEX `ACT_FK_VAR_PROCINST`(`PROC_INST_ID_`) USING BTREE,
  INDEX `ACT_FK_VAR_BYTEARRAY`(`BYTEARRAY_ID_`) USING BTREE,
  CONSTRAINT `ACT_FK_VAR_BYTEARRAY` FOREIGN KEY (`BYTEARRAY_ID_`) REFERENCES `act_ge_bytearray` (`ID_`) ON DELETE RESTRICT ON UPDATE RESTRICT,
  CONSTRAINT `ACT_FK_VAR_EXE` FOREIGN KEY (`EXECUTION_ID_`) REFERENCES `act_ru_execution` (`ID_`) ON DELETE RESTRICT ON UPDATE RESTRICT,
  CONSTRAINT `ACT_FK_VAR_PROCINST` FOREIGN KEY (`PROC_INST_ID_`) REFERENCES `act_ru_execution` (`ID_`) ON DELETE RESTRICT ON UPDATE RESTRICT
) ENGINE = InnoDB CHARACTER SET = utf8 COLLATE = utf8_bin ROW_FORMAT = Dynamic;

-- ----------------------------
-- Table structure for my_stu
-- ----------------------------
DROP TABLE IF EXISTS `my_stu`;
CREATE TABLE `my_stu`  (
  `id` int(11) NOT NULL AUTO_INCREMENT COMMENT 'id',
  `name` varchar(255) CHARACTER SET utf8mb4 COLLATE utf8mb4_general_ci NOT NULL COMMENT '学生名字',
  PRIMARY KEY (`id`) USING BTREE
) ENGINE = InnoDB AUTO_INCREMENT = 1 CHARACTER SET = utf8mb4 COLLATE = utf8mb4_general_ci COMMENT = '我的学生表' ROW_FORMAT = Dynamic;

-- ----------------------------
-- Table structure for qrtz_blob_triggers
-- ----------------------------
DROP TABLE IF EXISTS `qrtz_blob_triggers`;
CREATE TABLE `qrtz_blob_triggers`  (
  `SCHED_NAME` varchar(120) CHARACTER SET utf8 COLLATE utf8_general_ci NOT NULL,
  `TRIGGER_NAME` varchar(200) CHARACTER SET utf8 COLLATE utf8_general_ci NOT NULL,
  `TRIGGER_GROUP` varchar(200) CHARACTER SET utf8 COLLATE utf8_general_ci NOT NULL,
  `BLOB_DATA` blob NULL,
  PRIMARY KEY (`SCHED_NAME`, `TRIGGER_NAME`, `TRIGGER_GROUP`) USING BTREE,
  INDEX `SCHED_NAME`(`SCHED_NAME`, `TRIGGER_NAME`, `TRIGGER_GROUP`) USING BTREE,
  CONSTRAINT `qrtz_blob_triggers_ibfk_1` FOREIGN KEY (`SCHED_NAME`, `TRIGGER_NAME`, `TRIGGER_GROUP`) REFERENCES `qrtz_triggers` (`SCHED_NAME`, `TRIGGER_NAME`, `TRIGGER_GROUP`) ON DELETE RESTRICT ON UPDATE RESTRICT
) ENGINE = InnoDB CHARACTER SET = utf8 COLLATE = utf8_general_ci ROW_FORMAT = Dynamic;

-- ----------------------------
-- Table structure for qrtz_calendars
-- ----------------------------
DROP TABLE IF EXISTS `qrtz_calendars`;
CREATE TABLE `qrtz_calendars`  (
  `SCHED_NAME` varchar(120) CHARACTER SET utf8 COLLATE utf8_general_ci NOT NULL,
  `CALENDAR_NAME` varchar(200) CHARACTER SET utf8 COLLATE utf8_general_ci NOT NULL,
  `CALENDAR` blob NOT NULL,
  PRIMARY KEY (`SCHED_NAME`, `CALENDAR_NAME`) USING BTREE
) ENGINE = InnoDB CHARACTER SET = utf8 COLLATE = utf8_general_ci ROW_FORMAT = Dynamic;

-- ----------------------------
-- Table structure for qrtz_cron_triggers
-- ----------------------------
DROP TABLE IF EXISTS `qrtz_cron_triggers`;
CREATE TABLE `qrtz_cron_triggers`  (
  `SCHED_NAME` varchar(120) CHARACTER SET utf8 COLLATE utf8_general_ci NOT NULL,
  `TRIGGER_NAME` varchar(200) CHARACTER SET utf8 COLLATE utf8_general_ci NOT NULL,
  `TRIGGER_GROUP` varchar(200) CHARACTER SET utf8 COLLATE utf8_general_ci NOT NULL,
  `CRON_EXPRESSION` varchar(120) CHARACTER SET utf8 COLLATE utf8_general_ci NOT NULL,
  `TIME_ZONE_ID` varchar(80) CHARACTER SET utf8 COLLATE utf8_general_ci NULL DEFAULT NULL,
  PRIMARY KEY (`SCHED_NAME`, `TRIGGER_NAME`, `TRIGGER_GROUP`) USING BTREE,
  CONSTRAINT `qrtz_cron_triggers_ibfk_1` FOREIGN KEY (`SCHED_NAME`, `TRIGGER_NAME`, `TRIGGER_GROUP`) REFERENCES `qrtz_triggers` (`SCHED_NAME`, `TRIGGER_NAME`, `TRIGGER_GROUP`) ON DELETE RESTRICT ON UPDATE RESTRICT
) ENGINE = InnoDB CHARACTER SET = utf8 COLLATE = utf8_general_ci ROW_FORMAT = Dynamic;

-- ----------------------------
-- Table structure for qrtz_fired_triggers
-- ----------------------------
DROP TABLE IF EXISTS `qrtz_fired_triggers`;
CREATE TABLE `qrtz_fired_triggers`  (
  `SCHED_NAME` varchar(120) CHARACTER SET utf8 COLLATE utf8_general_ci NOT NULL,
  `ENTRY_ID` varchar(95) CHARACTER SET utf8 COLLATE utf8_general_ci NOT NULL,
  `TRIGGER_NAME` varchar(200) CHARACTER SET utf8 COLLATE utf8_general_ci NOT NULL,
  `TRIGGER_GROUP` varchar(200) CHARACTER SET utf8 COLLATE utf8_general_ci NOT NULL,
  `INSTANCE_NAME` varchar(200) CHARACTER SET utf8 COLLATE utf8_general_ci NOT NULL,
  `FIRED_TIME` bigint(13) NOT NULL,
  `SCHED_TIME` bigint(13) NOT NULL,
  `PRIORITY` int(11) NOT NULL,
  `STATE` varchar(16) CHARACTER SET utf8 COLLATE utf8_general_ci NOT NULL,
  `JOB_NAME` varchar(200) CHARACTER SET utf8 COLLATE utf8_general_ci NULL DEFAULT NULL,
  `JOB_GROUP` varchar(200) CHARACTER SET utf8 COLLATE utf8_general_ci NULL DEFAULT NULL,
  `IS_NONCONCURRENT` varchar(1) CHARACTER SET utf8 COLLATE utf8_general_ci NULL DEFAULT NULL,
  `REQUESTS_RECOVERY` varchar(1) CHARACTER SET utf8 COLLATE utf8_general_ci NULL DEFAULT NULL,
  PRIMARY KEY (`SCHED_NAME`, `ENTRY_ID`) USING BTREE,
  INDEX `IDX_QRTZ_FT_TRIG_INST_NAME`(`SCHED_NAME`, `INSTANCE_NAME`) USING BTREE,
  INDEX `IDX_QRTZ_FT_INST_JOB_REQ_RCVRY`(`SCHED_NAME`, `INSTANCE_NAME`, `REQUESTS_RECOVERY`) USING BTREE,
  INDEX `IDX_QRTZ_FT_J_G`(`SCHED_NAME`, `JOB_NAME`, `JOB_GROUP`) USING BTREE,
  INDEX `IDX_QRTZ_FT_JG`(`SCHED_NAME`, `JOB_GROUP`) USING BTREE,
  INDEX `IDX_QRTZ_FT_T_G`(`SCHED_NAME`, `TRIGGER_NAME`, `TRIGGER_GROUP`) USING BTREE,
  INDEX `IDX_QRTZ_FT_TG`(`SCHED_NAME`, `TRIGGER_GROUP`) USING BTREE
) ENGINE = InnoDB CHARACTER SET = utf8 COLLATE = utf8_general_ci ROW_FORMAT = Dynamic;

-- ----------------------------
-- Table structure for qrtz_job_details
-- ----------------------------
DROP TABLE IF EXISTS `qrtz_job_details`;
CREATE TABLE `qrtz_job_details`  (
  `SCHED_NAME` varchar(120) CHARACTER SET utf8 COLLATE utf8_general_ci NOT NULL,
  `JOB_NAME` varchar(200) CHARACTER SET utf8 COLLATE utf8_general_ci NOT NULL,
  `JOB_GROUP` varchar(200) CHARACTER SET utf8 COLLATE utf8_general_ci NOT NULL,
  `DESCRIPTION` varchar(250) CHARACTER SET utf8 COLLATE utf8_general_ci NULL DEFAULT NULL,
  `JOB_CLASS_NAME` varchar(250) CHARACTER SET utf8 COLLATE utf8_general_ci NOT NULL,
  `IS_DURABLE` varchar(1) CHARACTER SET utf8 COLLATE utf8_general_ci NOT NULL,
  `IS_NONCONCURRENT` varchar(1) CHARACTER SET utf8 COLLATE utf8_general_ci NOT NULL,
  `IS_UPDATE_DATA` varchar(1) CHARACTER SET utf8 COLLATE utf8_general_ci NOT NULL,
  `REQUESTS_RECOVERY` varchar(1) CHARACTER SET utf8 COLLATE utf8_general_ci NOT NULL,
  `JOB_DATA` blob NULL,
  PRIMARY KEY (`SCHED_NAME`, `JOB_NAME`, `JOB_GROUP`) USING BTREE,
  INDEX `IDX_QRTZ_J_REQ_RECOVERY`(`SCHED_NAME`, `REQUESTS_RECOVERY`) USING BTREE,
  INDEX `IDX_QRTZ_J_GRP`(`SCHED_NAME`, `JOB_GROUP`) USING BTREE
) ENGINE = InnoDB CHARACTER SET = utf8 COLLATE = utf8_general_ci ROW_FORMAT = Dynamic;

-- ----------------------------
-- Table structure for qrtz_locks
-- ----------------------------
DROP TABLE IF EXISTS `qrtz_locks`;
CREATE TABLE `qrtz_locks`  (
  `SCHED_NAME` varchar(120) CHARACTER SET utf8 COLLATE utf8_general_ci NOT NULL,
  `LOCK_NAME` varchar(40) CHARACTER SET utf8 COLLATE utf8_general_ci NOT NULL,
  PRIMARY KEY (`SCHED_NAME`, `LOCK_NAME`) USING BTREE
) ENGINE = InnoDB CHARACTER SET = utf8 COLLATE = utf8_general_ci ROW_FORMAT = Dynamic;

-- ----------------------------
-- Records of qrtz_locks
-- ----------------------------
INSERT INTO `qrtz_locks` VALUES ('KvfScheduler', 'STATE_ACCESS');
INSERT INTO `qrtz_locks` VALUES ('KvfScheduler', 'TRIGGER_ACCESS');

-- ----------------------------
-- Table structure for qrtz_paused_trigger_grps
-- ----------------------------
DROP TABLE IF EXISTS `qrtz_paused_trigger_grps`;
CREATE TABLE `qrtz_paused_trigger_grps`  (
  `SCHED_NAME` varchar(120) CHARACTER SET utf8 COLLATE utf8_general_ci NOT NULL,
  `TRIGGER_GROUP` varchar(200) CHARACTER SET utf8 COLLATE utf8_general_ci NOT NULL,
  PRIMARY KEY (`SCHED_NAME`, `TRIGGER_GROUP`) USING BTREE
) ENGINE = InnoDB CHARACTER SET = utf8 COLLATE = utf8_general_ci ROW_FORMAT = Dynamic;

-- ----------------------------
-- Table structure for qrtz_scheduler_state
-- ----------------------------
DROP TABLE IF EXISTS `qrtz_scheduler_state`;
CREATE TABLE `qrtz_scheduler_state`  (
  `SCHED_NAME` varchar(120) CHARACTER SET utf8 COLLATE utf8_general_ci NOT NULL,
  `INSTANCE_NAME` varchar(200) CHARACTER SET utf8 COLLATE utf8_general_ci NOT NULL,
  `LAST_CHECKIN_TIME` bigint(13) NOT NULL,
  `CHECKIN_INTERVAL` bigint(13) NOT NULL,
  PRIMARY KEY (`SCHED_NAME`, `INSTANCE_NAME`) USING BTREE
) ENGINE = InnoDB CHARACTER SET = utf8 COLLATE = utf8_general_ci ROW_FORMAT = Dynamic;

-- ----------------------------
-- Records of qrtz_scheduler_state
-- ----------------------------
INSERT INTO `qrtz_scheduler_state` VALUES ('KvfScheduler', 'DESKTOP-BVH25481608515784954', 1608546232006, 15000);

-- ----------------------------
-- Table structure for qrtz_simple_triggers
-- ----------------------------
DROP TABLE IF EXISTS `qrtz_simple_triggers`;
CREATE TABLE `qrtz_simple_triggers`  (
  `SCHED_NAME` varchar(120) CHARACTER SET utf8 COLLATE utf8_general_ci NOT NULL,
  `TRIGGER_NAME` varchar(200) CHARACTER SET utf8 COLLATE utf8_general_ci NOT NULL,
  `TRIGGER_GROUP` varchar(200) CHARACTER SET utf8 COLLATE utf8_general_ci NOT NULL,
  `REPEAT_COUNT` bigint(7) NOT NULL,
  `REPEAT_INTERVAL` bigint(12) NOT NULL,
  `TIMES_TRIGGERED` bigint(10) NOT NULL,
  PRIMARY KEY (`SCHED_NAME`, `TRIGGER_NAME`, `TRIGGER_GROUP`) USING BTREE,
  CONSTRAINT `qrtz_simple_triggers_ibfk_1` FOREIGN KEY (`SCHED_NAME`, `TRIGGER_NAME`, `TRIGGER_GROUP`) REFERENCES `qrtz_triggers` (`SCHED_NAME`, `TRIGGER_NAME`, `TRIGGER_GROUP`) ON DELETE RESTRICT ON UPDATE RESTRICT
) ENGINE = InnoDB CHARACTER SET = utf8 COLLATE = utf8_general_ci ROW_FORMAT = Dynamic;

-- ----------------------------
-- Table structure for qrtz_simprop_triggers
-- ----------------------------
DROP TABLE IF EXISTS `qrtz_simprop_triggers`;
CREATE TABLE `qrtz_simprop_triggers`  (
  `SCHED_NAME` varchar(120) CHARACTER SET utf8 COLLATE utf8_general_ci NOT NULL,
  `TRIGGER_NAME` varchar(200) CHARACTER SET utf8 COLLATE utf8_general_ci NOT NULL,
  `TRIGGER_GROUP` varchar(200) CHARACTER SET utf8 COLLATE utf8_general_ci NOT NULL,
  `STR_PROP_1` varchar(512) CHARACTER SET utf8 COLLATE utf8_general_ci NULL DEFAULT NULL,
  `STR_PROP_2` varchar(512) CHARACTER SET utf8 COLLATE utf8_general_ci NULL DEFAULT NULL,
  `STR_PROP_3` varchar(512) CHARACTER SET utf8 COLLATE utf8_general_ci NULL DEFAULT NULL,
  `INT_PROP_1` int(11) NULL DEFAULT NULL,
  `INT_PROP_2` int(11) NULL DEFAULT NULL,
  `LONG_PROP_1` bigint(20) NULL DEFAULT NULL,
  `LONG_PROP_2` bigint(20) NULL DEFAULT NULL,
  `DEC_PROP_1` decimal(13, 4) NULL DEFAULT NULL,
  `DEC_PROP_2` decimal(13, 4) NULL DEFAULT NULL,
  `BOOL_PROP_1` varchar(1) CHARACTER SET utf8 COLLATE utf8_general_ci NULL DEFAULT NULL,
  `BOOL_PROP_2` varchar(1) CHARACTER SET utf8 COLLATE utf8_general_ci NULL DEFAULT NULL,
  PRIMARY KEY (`SCHED_NAME`, `TRIGGER_NAME`, `TRIGGER_GROUP`) USING BTREE,
  CONSTRAINT `qrtz_simprop_triggers_ibfk_1` FOREIGN KEY (`SCHED_NAME`, `TRIGGER_NAME`, `TRIGGER_GROUP`) REFERENCES `qrtz_triggers` (`SCHED_NAME`, `TRIGGER_NAME`, `TRIGGER_GROUP`) ON DELETE RESTRICT ON UPDATE RESTRICT
) ENGINE = InnoDB CHARACTER SET = utf8 COLLATE = utf8_general_ci ROW_FORMAT = Dynamic;

-- ----------------------------
-- Table structure for qrtz_triggers
-- ----------------------------
DROP TABLE IF EXISTS `qrtz_triggers`;
CREATE TABLE `qrtz_triggers`  (
  `SCHED_NAME` varchar(120) CHARACTER SET utf8 COLLATE utf8_general_ci NOT NULL,
  `TRIGGER_NAME` varchar(200) CHARACTER SET utf8 COLLATE utf8_general_ci NOT NULL,
  `TRIGGER_GROUP` varchar(200) CHARACTER SET utf8 COLLATE utf8_general_ci NOT NULL,
  `JOB_NAME` varchar(200) CHARACTER SET utf8 COLLATE utf8_general_ci NOT NULL,
  `JOB_GROUP` varchar(200) CHARACTER SET utf8 COLLATE utf8_general_ci NOT NULL,
  `DESCRIPTION` varchar(250) CHARACTER SET utf8 COLLATE utf8_general_ci NULL DEFAULT NULL,
  `NEXT_FIRE_TIME` bigint(13) NULL DEFAULT NULL,
  `PREV_FIRE_TIME` bigint(13) NULL DEFAULT NULL,
  `PRIORITY` int(11) NULL DEFAULT NULL,
  `TRIGGER_STATE` varchar(16) CHARACTER SET utf8 COLLATE utf8_general_ci NOT NULL,
  `TRIGGER_TYPE` varchar(8) CHARACTER SET utf8 COLLATE utf8_general_ci NOT NULL,
  `START_TIME` bigint(13) NOT NULL,
  `END_TIME` bigint(13) NULL DEFAULT NULL,
  `CALENDAR_NAME` varchar(200) CHARACTER SET utf8 COLLATE utf8_general_ci NULL DEFAULT NULL,
  `MISFIRE_INSTR` smallint(2) NULL DEFAULT NULL,
  `JOB_DATA` blob NULL,
  PRIMARY KEY (`SCHED_NAME`, `TRIGGER_NAME`, `TRIGGER_GROUP`) USING BTREE,
  INDEX `IDX_QRTZ_T_J`(`SCHED_NAME`, `JOB_NAME`, `JOB_GROUP`) USING BTREE,
  INDEX `IDX_QRTZ_T_JG`(`SCHED_NAME`, `JOB_GROUP`) USING BTREE,
  INDEX `IDX_QRTZ_T_C`(`SCHED_NAME`, `CALENDAR_NAME`) USING BTREE,
  INDEX `IDX_QRTZ_T_G`(`SCHED_NAME`, `TRIGGER_GROUP`) USING BTREE,
  INDEX `IDX_QRTZ_T_STATE`(`SCHED_NAME`, `TRIGGER_STATE`) USING BTREE,
  INDEX `IDX_QRTZ_T_N_STATE`(`SCHED_NAME`, `TRIGGER_NAME`, `TRIGGER_GROUP`, `TRIGGER_STATE`) USING BTREE,
  INDEX `IDX_QRTZ_T_N_G_STATE`(`SCHED_NAME`, `TRIGGER_GROUP`, `TRIGGER_STATE`) USING BTREE,
  INDEX `IDX_QRTZ_T_NEXT_FIRE_TIME`(`SCHED_NAME`, `NEXT_FIRE_TIME`) USING BTREE,
  INDEX `IDX_QRTZ_T_NFT_ST`(`SCHED_NAME`, `TRIGGER_STATE`, `NEXT_FIRE_TIME`) USING BTREE,
  INDEX `IDX_QRTZ_T_NFT_MISFIRE`(`SCHED_NAME`, `MISFIRE_INSTR`, `NEXT_FIRE_TIME`) USING BTREE,
  INDEX `IDX_QRTZ_T_NFT_ST_MISFIRE`(`SCHED_NAME`, `MISFIRE_INSTR`, `NEXT_FIRE_TIME`, `TRIGGER_STATE`) USING BTREE,
  INDEX `IDX_QRTZ_T_NFT_ST_MISFIRE_GRP`(`SCHED_NAME`, `MISFIRE_INSTR`, `NEXT_FIRE_TIME`, `TRIGGER_GROUP`, `TRIGGER_STATE`) USING BTREE,
  CONSTRAINT `qrtz_triggers_ibfk_1` FOREIGN KEY (`SCHED_NAME`, `JOB_NAME`, `JOB_GROUP`) REFERENCES `qrtz_job_details` (`SCHED_NAME`, `JOB_NAME`, `JOB_GROUP`) ON DELETE RESTRICT ON UPDATE RESTRICT
) ENGINE = InnoDB CHARACTER SET = utf8 COLLATE = utf8_general_ci ROW_FORMAT = Dynamic;

-- ----------------------------
-- Table structure for schedule_job
-- ----------------------------
DROP TABLE IF EXISTS `schedule_job`;
CREATE TABLE `schedule_job`  (
  `id` bigint(20) NOT NULL AUTO_INCREMENT COMMENT '主键',
  `bean` varchar(150) CHARACTER SET utf8mb4 COLLATE utf8mb4_general_ci NOT NULL COMMENT 'bean名称',
  `method` varchar(150) CHARACTER SET utf8mb4 COLLATE utf8mb4_general_ci NULL DEFAULT NULL COMMENT '方法名',
  `params` varchar(500) CHARACTER SET utf8mb4 COLLATE utf8mb4_general_ci NULL DEFAULT NULL COMMENT '参数',
  `cron` varchar(50) CHARACTER SET utf8mb4 COLLATE utf8mb4_general_ci NOT NULL COMMENT 'cron表达式',
  `status` tinyint(2) NOT NULL DEFAULT 1 COMMENT '状态。0：运行中；1：已暂停；2：已完成；3：运行失败；',
  `remark` varchar(255) CHARACTER SET utf8mb4 COLLATE utf8mb4_general_ci NULL DEFAULT NULL COMMENT '备注',
  `create_time` timestamp(0) NOT NULL DEFAULT CURRENT_TIMESTAMP COMMENT '创建时间',
  PRIMARY KEY (`id`) USING BTREE
) ENGINE = InnoDB AUTO_INCREMENT = 2 CHARACTER SET = utf8mb4 COLLATE = utf8mb4_general_ci COMMENT = '定时任务表' ROW_FORMAT = Dynamic;

-- ----------------------------
-- Records of schedule_job
-- ----------------------------
INSERT INTO `schedule_job` VALUES (1, 'helloJob', NULL, NULL, '0 0 12 * * ?', 1, '无参测试', '2019-08-18 13:30:08');

-- ----------------------------
-- Table structure for sys_dept
-- ----------------------------
DROP TABLE IF EXISTS `sys_dept`;
CREATE TABLE `sys_dept`  (
  `id` bigint(20) UNSIGNED NOT NULL AUTO_INCREMENT COMMENT '主键',
  `parent_id` bigint(20) NOT NULL COMMENT '上级部门ID。一级部门为0',
  `name` varchar(50) CHARACTER SET utf8mb4 COLLATE utf8mb4_general_ci NOT NULL COMMENT '部门名称',
  `type` tinyint(2) NOT NULL COMMENT '类型。0：公司；1：部门；2：科室/小组',
  `area_id` bigint(20) NULL DEFAULT NULL COMMENT '所在区域ID',
  `sort` int(11) NOT NULL DEFAULT 0 COMMENT '排序值。越小越靠前',
  `status` tinyint(2) NOT NULL DEFAULT 0 COMMENT '状态。0：正常；1：禁用',
  `update_time` timestamp(0) NOT NULL DEFAULT CURRENT_TIMESTAMP ON UPDATE CURRENT_TIMESTAMP(0) COMMENT '修改时间',
  `create_by` bigint(20) NULL DEFAULT NULL COMMENT '创建人',
  `create_time` timestamp(0) NOT NULL DEFAULT CURRENT_TIMESTAMP COMMENT '创建时间',
  PRIMARY KEY (`id`) USING BTREE
) ENGINE = InnoDB AUTO_INCREMENT = 4 CHARACTER SET = utf8mb4 COLLATE = utf8mb4_general_ci COMMENT = '部门表' ROW_FORMAT = Compact;

-- ----------------------------
-- Records of sys_dept
-- ----------------------------
INSERT INTO `sys_dept` VALUES (1, 0, 'Kalvin', 0, 1, 0, 0, '2019-05-11 15:35:24', 1, '2019-05-01 16:40:08');
INSERT INTO `sys_dept` VALUES (2, 1, 'IT部', 1, 1, 0, 0, '2019-05-01 17:12:54', NULL, '2019-05-01 17:12:54');
INSERT INTO `sys_dept` VALUES (3, 2, '研发组', 2, 1, 0, 0, '2019-05-01 17:13:48', NULL, '2019-05-01 17:13:48');

-- ----------------------------
-- Table structure for sys_dict
-- ----------------------------
DROP TABLE IF EXISTS `sys_dict`;
CREATE TABLE `sys_dict`  (
  `id` bigint(20) NOT NULL AUTO_INCREMENT COMMENT '主键',
  `parent_id` bigint(20) NOT NULL COMMENT '父级ID',
  `name` varchar(50) CHARACTER SET utf8mb4 COLLATE utf8mb4_general_ci NOT NULL COMMENT '字典名称',
  `type` tinyint(2) NOT NULL DEFAULT 0 COMMENT '类型。0：字典类别；1：字典项；',
  `code` varchar(30) CHARACTER SET utf8mb4 COLLATE utf8mb4_general_ci NOT NULL COMMENT '字典码',
  `value` varchar(100) CHARACTER SET utf8mb4 COLLATE utf8mb4_general_ci NULL DEFAULT NULL COMMENT '字典值',
  `status` tinyint(2) NOT NULL DEFAULT 0 COMMENT '状态。0：有效；1：无效',
  `sort` int(11) NOT NULL DEFAULT 0 COMMENT '排序值。越小越靠前',
  `remark` varchar(255) CHARACTER SET utf8mb4 COLLATE utf8mb4_general_ci NULL DEFAULT NULL COMMENT '备注',
  PRIMARY KEY (`id`) USING BTREE
) ENGINE = InnoDB AUTO_INCREMENT = 6 CHARACTER SET = utf8mb4 COLLATE = utf8mb4_general_ci COMMENT = '字典表' ROW_FORMAT = Dynamic;

-- ----------------------------
-- Records of sys_dict
-- ----------------------------
INSERT INTO `sys_dict` VALUES (1, 0, '根目录', 0, 'ROOT', '', 0, 0, NULL);
INSERT INTO `sys_dict` VALUES (2, 1, '性别', 0, 'SEX', '', 0, 0, NULL);
INSERT INTO `sys_dict` VALUES (3, 2, '未知', 1, 'SEX_UNKNOWN', '0', 0, 0, NULL);
INSERT INTO `sys_dict` VALUES (4, 2, '男', 1, 'SEX_MAN', '1', 0, 0, NULL);
INSERT INTO `sys_dict` VALUES (5, 2, '女', 1, 'SEX_LADY', '2', 0, 0, NULL);

-- ----------------------------
-- Table structure for sys_log
-- ----------------------------
DROP TABLE IF EXISTS `sys_log`;
CREATE TABLE `sys_log`  (
  `id` bigint(18) NOT NULL AUTO_INCREMENT COMMENT '主键',
  `user_id` bigint(18) NOT NULL COMMENT '用户ID',
  `username` varchar(50) CHARACTER SET utf8mb4 COLLATE utf8mb4_general_ci NOT NULL COMMENT '登录名称',
  `operation` varchar(150) CHARACTER SET utf8mb4 COLLATE utf8mb4_general_ci NOT NULL COMMENT '操作功能',
  `forward_action` varchar(300) CHARACTER SET utf8mb4 COLLATE utf8mb4_general_ci NOT NULL COMMENT '操作uri',
  `ip` varchar(255) CHARACTER SET utf8mb4 COLLATE utf8mb4_general_ci NULL DEFAULT NULL COMMENT 'IP',
  `browser` varchar(100) CHARACTER SET utf8mb4 COLLATE utf8mb4_general_ci NULL DEFAULT '0' COMMENT '浏览器',
  `os` varchar(100) CHARACTER SET utf8mb4 COLLATE utf8mb4_general_ci NULL DEFAULT NULL COMMENT '系统',
  `time` bigint(20) NOT NULL DEFAULT 0 COMMENT '请求耗时。毫秒',
  `create_time` timestamp(0) NOT NULL DEFAULT CURRENT_TIMESTAMP COMMENT '创建时间',
  PRIMARY KEY (`id`) USING BTREE
) ENGINE = InnoDB AUTO_INCREMENT = 33 CHARACTER SET = utf8mb4 COLLATE = utf8mb4_general_ci COMMENT = '日志表' ROW_FORMAT = Dynamic;

-- ----------------------------
-- Records of sys_log
-- ----------------------------
INSERT INTO `sys_log` VALUES (18, 5, 'hr1', '登录', '/login', '127.0.0.1', 'Chrome 84.0.4147.125', 'Windows', 135, '2020-12-10 09:52:38');
INSERT INTO `sys_log` VALUES (19, 1, 'admin', '登录', '/login', '127.0.0.1', 'Chrome 84.0.4147.125', 'Windows', 188, '2020-12-13 13:36:39');
INSERT INTO `sys_log` VALUES (20, 1, 'admin', '登录', '/login', '127.0.0.1', 'Chrome 84.0.4147.125', 'Windows', 38, '2020-12-16 10:46:19');
INSERT INTO `sys_log` VALUES (21, 1, 'admin', '登录', '/login', '127.0.0.1', 'Chrome 84.0.4147.125', 'Windows', 234, '2020-12-16 11:12:31');
INSERT INTO `sys_log` VALUES (22, 1, 'admin', '登录', '/login', '10.4.0.49', 'Chrome 87.0.4280.88', 'Mac', 27, '2020-12-16 11:15:45');
INSERT INTO `sys_log` VALUES (23, 1, 'admin', '登录', '/login', '10.4.0.98', 'Chrome 87.0.4280.88', 'Windows', 30, '2020-12-16 11:16:33');
INSERT INTO `sys_log` VALUES (24, 1, 'admin', '登录', '/login', '10.4.0.90', 'Chrome 86.0.4240.193', 'Windows', 8, '2020-12-16 11:16:35');
INSERT INTO `sys_log` VALUES (25, 1, 'admin', '登录', '/login', '127.0.0.1', 'Chrome 84.0.4147.125', 'Windows', 38, '2020-12-16 11:39:32');
INSERT INTO `sys_log` VALUES (26, 1, 'admin', '登录', '/login', '10.4.0.90', 'Chrome 86.0.4240.193', 'Windows', 13, '2020-12-16 12:01:26');
INSERT INTO `sys_log` VALUES (27, 1, 'admin', '登录', '/login', '127.0.0.1', 'Chrome 84.0.4147.125', 'Windows', 162, '2020-12-16 12:40:57');
INSERT INTO `sys_log` VALUES (28, 1, 'admin', '登录', '/login', '127.0.0.1', 'Chrome 84.0.4147.125', 'Windows', 151, '2020-12-16 14:00:35');
INSERT INTO `sys_log` VALUES (29, 1, 'admin', '登录', '/login', '127.0.0.1', 'Chrome 84.0.4147.125', 'Windows', 438, '2020-12-17 14:53:28');
INSERT INTO `sys_log` VALUES (30, 1, 'admin', '登录', '/login', '127.0.0.1', 'Chrome 84.0.4147.125', 'Windows', 13, '2020-12-18 15:20:47');
INSERT INTO `sys_log` VALUES (31, 1, 'admin', '登录', '/login', '127.0.0.1', 'Chrome 84.0.4147.125', 'Windows', 2341, '2020-12-18 15:20:47');
INSERT INTO `sys_log` VALUES (32, 1, 'admin', '登录', '/login', '127.0.0.1', 'Chrome 84.0.4147.125', 'Windows', 197, '2020-12-20 18:21:58');

-- ----------------------------
-- Table structure for sys_menu
-- ----------------------------
DROP TABLE IF EXISTS `sys_menu`;
CREATE TABLE `sys_menu`  (
  `id` bigint(20) UNSIGNED NOT NULL AUTO_INCREMENT COMMENT '主键',
  `parent_id` bigint(20) NOT NULL COMMENT '父菜单ID。一级菜单为0',
  `name` varchar(50) CHARACTER SET utf8mb4 COLLATE utf8mb4_general_ci NOT NULL COMMENT '菜单名称',
  `url` varchar(200) CHARACTER SET utf8mb4 COLLATE utf8mb4_general_ci NULL DEFAULT NULL COMMENT '菜单URL',
  `permission` varchar(200) CHARACTER SET utf8mb4 COLLATE utf8mb4_general_ci NULL DEFAULT NULL COMMENT '授权标识。多个用逗号分隔，如：user:list,user:create',
  `type` tinyint(2) NULL DEFAULT NULL COMMENT '类型。0：目录；1：菜单；2：按钮；3：导航菜单',
  `icon` varchar(50) CHARACTER SET utf8mb4 COLLATE utf8mb4_general_ci NULL DEFAULT NULL COMMENT '菜单图标',
  `status` tinyint(2) NOT NULL DEFAULT 0 COMMENT '状态。0：正常；1：禁用',
  `sort` int(11) NOT NULL DEFAULT 0 COMMENT '排序值。越小越靠前',
  `create_by` bigint(20) NULL DEFAULT NULL COMMENT '创建人',
  `create_time` timestamp(0) NOT NULL DEFAULT CURRENT_TIMESTAMP COMMENT '创建时间',
  PRIMARY KEY (`id`) USING BTREE
) ENGINE = InnoDB AUTO_INCREMENT = 66 CHARACTER SET = utf8mb4 COLLATE = utf8mb4_general_ci COMMENT = '菜单表' ROW_FORMAT = Compact;

-- ----------------------------
-- Records of sys_menu
-- ----------------------------
INSERT INTO `sys_menu` VALUES (1, 0, '系统管理', NULL, '', 0, 'fa fa-cogs', 0, 0, NULL, '2019-05-06 21:46:33');
INSERT INTO `sys_menu` VALUES (2, 1, '用户管理', 'sys/user/index', 'sys:user:index', 1, NULL, 0, 0, NULL, '2019-05-06 21:46:47');
INSERT INTO `sys_menu` VALUES (3, 1, '菜单管理', 'sys/menu/index', 'sys:menu:index', 1, NULL, 0, 2, NULL, '2019-05-11 11:50:57');
INSERT INTO `sys_menu` VALUES (4, 1, '角色管理', 'sys/role/index', 'sys:role:index', 1, NULL, 0, 3, NULL, '2019-05-11 11:51:31');
INSERT INTO `sys_menu` VALUES (5, 1, '部门管理', 'sys/dept/index', 'sys:dept:index', 1, NULL, 0, 1, NULL, '2019-05-11 11:51:58');
INSERT INTO `sys_menu` VALUES (7, 0, '系统审计', NULL, '', 0, 'fa fa-industry', 0, 1, NULL, '2019-05-11 12:04:09');
INSERT INTO `sys_menu` VALUES (9, 7, '操作日志', 'sys/log/index', 'sys:log:index', 1, NULL, 0, 0, NULL, '2019-05-11 13:26:02');
INSERT INTO `sys_menu` VALUES (10, 2, '添加', NULL, 'sys:user:add', 2, NULL, 0, 0, NULL, '2019-05-07 21:25:46');
INSERT INTO `sys_menu` VALUES (11, 2, '删除', NULL, 'sys:user:del', 2, NULL, 0, 2, NULL, '2019-05-11 14:26:54');
INSERT INTO `sys_menu` VALUES (12, 2, '编辑', NULL, 'sys:user:edit', 2, NULL, 0, 1, NULL, '2019-05-11 14:28:06');
INSERT INTO `sys_menu` VALUES (13, 3, '添加', NULL, 'sys:menu:add', 2, NULL, 0, 0, NULL, '2019-05-11 14:28:59');
INSERT INTO `sys_menu` VALUES (14, 3, '编辑', NULL, 'sys:menu:edit', 2, NULL, 0, 1, NULL, '2019-05-11 14:29:35');
INSERT INTO `sys_menu` VALUES (15, 3, '删除', NULL, 'sys:menu:del', 2, NULL, 0, 2, NULL, '2019-05-11 14:29:55');
INSERT INTO `sys_menu` VALUES (16, 4, '添加', NULL, 'sys:role:add', 2, NULL, 0, 0, NULL, '2019-05-11 14:30:07');
INSERT INTO `sys_menu` VALUES (17, 4, '编辑', NULL, 'sys:role:edit', 2, NULL, 0, 1, NULL, '2019-05-11 14:30:28');
INSERT INTO `sys_menu` VALUES (18, 4, '删除', NULL, 'sys:role:del', 2, NULL, 0, 2, NULL, '2019-05-11 14:30:37');
INSERT INTO `sys_menu` VALUES (19, 4, '权限设置', NULL, 'sys:role:permission', 2, NULL, 0, 3, NULL, '2019-05-11 14:30:37');
INSERT INTO `sys_menu` VALUES (20, 5, '添加', NULL, 'sys:dept:add', 2, NULL, 0, 0, NULL, '2019-05-11 14:30:47');
INSERT INTO `sys_menu` VALUES (21, 5, '编辑', NULL, 'sys:dept:edit', 2, NULL, 0, 1, NULL, '2019-05-11 14:30:58');
INSERT INTO `sys_menu` VALUES (22, 5, '删除', NULL, 'sys:dept:del', 2, NULL, 0, 2, NULL, '2019-05-11 14:31:13');
INSERT INTO `sys_menu` VALUES (23, 2, '重置密码', NULL, 'sys:user:reset', 2, NULL, 0, 3, NULL, '2019-05-12 18:01:10');
INSERT INTO `sys_menu` VALUES (24, 0, 'Druid监控', 'druid/index.html', NULL, 3, 'fa fa-eye', 0, 0, NULL, '2019-05-20 22:43:09');
INSERT INTO `sys_menu` VALUES (25, 0, '代码生成', '', NULL, 0, 'fa fa-bolt', 0, 2, NULL, '2019-06-10 22:47:31');
INSERT INTO `sys_menu` VALUES (26, 25, '生成管理', 'generator/table/index', 'gen:table:index', 1, NULL, 0, 0, NULL, '2019-06-10 22:50:09');
INSERT INTO `sys_menu` VALUES (27, 1, '字典管理', 'sys/dict/index', 'sys:dict:index', 1, NULL, 0, 4, NULL, '2019-08-12 09:47:31');
INSERT INTO `sys_menu` VALUES (28, 27, '添加', NULL, 'sys:dict:add', 2, NULL, 0, 0, NULL, '2019-08-12 09:48:03');
INSERT INTO `sys_menu` VALUES (29, 27, '编辑', NULL, 'sys:dict:edit', 2, NULL, 0, 0, NULL, '2019-08-12 09:48:20');
INSERT INTO `sys_menu` VALUES (30, 27, '删除', NULL, 'sys:dict:del', 2, NULL, 0, 0, NULL, '2019-08-12 09:48:45');
INSERT INTO `sys_menu` VALUES (31, 1, '定时任务', 'schedule/job/index', 'schedule:job:index', 1, NULL, 0, 5, NULL, '2019-08-17 18:13:22');
INSERT INTO `sys_menu` VALUES (32, 31, '添加', NULL, 'schedule:job:add', 2, NULL, 0, 0, NULL, '2019-08-17 18:14:20');
INSERT INTO `sys_menu` VALUES (33, 31, '编辑', NULL, 'schedule:job:edit', 2, NULL, 0, 0, NULL, '2019-08-17 18:14:36');
INSERT INTO `sys_menu` VALUES (34, 31, '删除', NULL, 'schedule:job:del', 2, NULL, 0, 0, NULL, '2019-08-17 18:14:55');
INSERT INTO `sys_menu` VALUES (35, 31, '暂停', NULL, 'schedule:job:pause', 2, NULL, 0, 0, NULL, '2019-08-17 18:16:10');
INSERT INTO `sys_menu` VALUES (36, 31, '恢复', NULL, 'schedule:job:resume', 2, NULL, 0, 0, NULL, '2019-08-17 18:16:28');
INSERT INTO `sys_menu` VALUES (37, 0, '组件管理', NULL, NULL, 0, 'fa fa-th-large', 0, 3, NULL, '2020-03-31 11:14:02');
INSERT INTO `sys_menu` VALUES (38, 37, '富文本', 'sys/component/ueditor/index', 'component:ueditor:index', 1, NULL, 0, 1, NULL, '2020-03-31 11:17:55');
INSERT INTO `sys_menu` VALUES (39, 37, '图标库', 'sys/component/icons/index', 'component:icons:index', 1, NULL, 0, 0, NULL, '2020-03-31 11:22:09');
INSERT INTO `sys_menu` VALUES (40, 0, '工作流程', '', NULL, 0, 'fa fa-google-wallet', 0, 0, NULL, '2020-04-20 20:19:38');
INSERT INTO `sys_menu` VALUES (41, 40, '流程管理', 'workflow/process/index', 'workflow:process:index', 1, NULL, 0, 0, NULL, '2020-04-20 20:21:03');
INSERT INTO `sys_menu` VALUES (42, 40, '我的待办', 'workflow/mytodo/index', 'workflow:mytodo:index', 1, NULL, 0, 3, NULL, '2020-04-20 20:22:33');
INSERT INTO `sys_menu` VALUES (43, 40, '我的已办', 'workflow/mydone/index', 'workflow:mydone:index', 1, NULL, 0, 4, NULL, '2020-04-20 20:24:15');
INSERT INTO `sys_menu` VALUES (44, 40, '我的申请', 'workflow/myapply/index', 'workflow:myapply:index', 1, NULL, 0, 5, NULL, '2020-04-20 20:27:01');
INSERT INTO `sys_menu` VALUES (45, 40, '表单管理', 'workflow/form/index', 'workflow:form:index', 1, NULL, 0, 1, NULL, '2020-04-20 20:29:59');
INSERT INTO `sys_menu` VALUES (46, 40, '我的流程', 'workflow/myprocess/index', 'workflow:myprocess:index', 1, NULL, 0, 2, NULL, '2020-04-20 20:30:45');
INSERT INTO `sys_menu` VALUES (47, 41, '创建', NULL, 'workflow:process:add', 2, NULL, 0, 0, NULL, '2020-05-10 23:40:52');
INSERT INTO `sys_menu` VALUES (48, 41, '设计', NULL, 'workflow:process:designer', 2, NULL, 0, 1, NULL, '2020-05-10 23:41:55');
INSERT INTO `sys_menu` VALUES (49, 41, '删除', NULL, 'workflow:process:delete', 2, NULL, 0, 2, NULL, '2020-05-10 23:42:28');
INSERT INTO `sys_menu` VALUES (50, 41, '挂起', NULL, 'workflow:process:suspend', 2, NULL, 0, 3, NULL, '2020-05-10 23:43:35');
INSERT INTO `sys_menu` VALUES (51, 41, '激活', NULL, 'workflow:process:activate', 2, NULL, 0, 4, NULL, '2020-05-10 23:43:56');
INSERT INTO `sys_menu` VALUES (52, 41, '导出', NULL, 'workflow:process:export', 2, NULL, 0, 5, NULL, '2020-05-10 23:44:41');
INSERT INTO `sys_menu` VALUES (53, 41, '导入', NULL, 'workflow:process:import', 2, NULL, 0, 6, NULL, '2020-05-10 23:44:55');
INSERT INTO `sys_menu` VALUES (54, 41, '配置', NULL, 'workflow:process:setting', 2, NULL, 0, 7, NULL, '2020-05-10 23:45:24');
INSERT INTO `sys_menu` VALUES (55, 41, '发布', NULL, 'workflow:process:push', 2, NULL, 0, 8, NULL, '2020-05-10 23:45:55');
INSERT INTO `sys_menu` VALUES (56, 41, '启动', NULL, 'workflow:process:start', 2, NULL, 0, 9, NULL, '2020-05-10 23:46:09');
INSERT INTO `sys_menu` VALUES (57, 45, '添加', NULL, 'workflow:form:add', 2, NULL, 0, 0, NULL, '2020-05-10 23:46:53');
INSERT INTO `sys_menu` VALUES (58, 45, '编辑', NULL, 'workflow:form:edit', 2, NULL, 0, 1, NULL, '2020-05-10 23:47:20');
INSERT INTO `sys_menu` VALUES (59, 45, '删除', NULL, 'workflow:form:delete', 2, NULL, 0, 2, NULL, '2020-05-10 23:47:47');
INSERT INTO `sys_menu` VALUES (60, 45, '预览', NULL, 'workflow:form:prev', 2, NULL, 0, 3, NULL, '2020-05-10 23:48:17');
INSERT INTO `sys_menu` VALUES (61, 0, '自定义业务', '', NULL, 0, 'fa fa-arrows-h', 0, 0, NULL, '2020-10-26 23:53:30');
INSERT INTO `sys_menu` VALUES (62, 61, '学生表', 'wode/stuts/index', 'wode:stuts:index', 1, NULL, 0, 0, NULL, '2020-10-26 23:54:37');
INSERT INTO `sys_menu` VALUES (63, 62, '增加', NULL, 'wode:stuts:add', 2, NULL, 0, 0, NULL, '2020-10-26 23:55:16');
INSERT INTO `sys_menu` VALUES (64, 62, '修改', NULL, 'wode:stuts:edit', 2, NULL, 0, 0, NULL, '2020-10-26 23:55:49');
INSERT INTO `sys_menu` VALUES (65, 62, '删除', NULL, 'wode:stuts:del', 2, NULL, 0, 0, NULL, '2020-10-26 23:56:05');

-- ----------------------------
-- Table structure for sys_role
-- ----------------------------
DROP TABLE IF EXISTS `sys_role`;
CREATE TABLE `sys_role`  (
  `id` bigint(20) UNSIGNED NOT NULL AUTO_INCREMENT COMMENT '主键',
  `name` varchar(100) CHARACTER SET utf8mb4 COLLATE utf8mb4_general_ci NOT NULL COMMENT '角色名称',
  `parent_id` bigint(20) NOT NULL COMMENT '父级ID',
  `type` tinyint(2) NOT NULL COMMENT '类型。0：分类；1：角色',
  `remarks` varchar(100) CHARACTER SET utf8mb4 COLLATE utf8mb4_general_ci NULL DEFAULT NULL COMMENT '备注',
  `create_by` bigint(20) NULL DEFAULT NULL COMMENT '创建人',
  `update_time` timestamp(0) NOT NULL DEFAULT CURRENT_TIMESTAMP ON UPDATE CURRENT_TIMESTAMP(0) COMMENT '修改时间',
  `create_time` timestamp(0) NOT NULL DEFAULT CURRENT_TIMESTAMP COMMENT '创建时间',
  PRIMARY KEY (`id`) USING BTREE
) ENGINE = InnoDB AUTO_INCREMENT = 12 CHARACTER SET = utf8mb4 COLLATE = utf8mb4_general_ci COMMENT = '角色表' ROW_FORMAT = Compact;

-- ----------------------------
-- Records of sys_role
-- ----------------------------
INSERT INTO `sys_role` VALUES (1, '系统角色', 0, 0, '', NULL, '2019-05-19 22:32:38', '2019-05-08 22:07:14');
INSERT INTO `sys_role` VALUES (2, '研发组', 0, 0, '', NULL, '2019-05-19 22:32:54', '2019-05-08 22:17:09');
INSERT INTO `sys_role` VALUES (3, '系统管理员', 1, 1, NULL, NULL, '2019-05-19 22:33:12', '2019-05-19 22:33:12');
INSERT INTO `sys_role` VALUES (4, '项目组长', 2, 1, NULL, NULL, '2019-05-19 22:33:32', '2019-05-19 22:33:32');
INSERT INTO `sys_role` VALUES (5, '开发者', 0, 1, '', NULL, '2019-06-07 19:42:14', '2019-06-07 19:42:14');
INSERT INTO `sys_role` VALUES (6, '普通用户', 0, 0, '', NULL, '2020-10-26 23:32:47', '2020-10-26 23:32:47');
INSERT INTO `sys_role` VALUES (7, '人事', 0, 0, '', NULL, '2020-10-26 23:32:56', '2020-10-26 23:32:56');
INSERT INTO `sys_role` VALUES (8, '领导', 0, 0, '', NULL, '2020-10-26 23:33:09', '2020-10-26 23:33:09');
INSERT INTO `sys_role` VALUES (9, '编程人员', 6, 1, '', NULL, '2020-10-26 23:33:44', '2020-10-26 23:33:44');
INSERT INTO `sys_role` VALUES (10, 'hr', 7, 1, '', NULL, '2020-10-26 23:33:53', '2020-10-26 23:33:53');
INSERT INTO `sys_role` VALUES (11, '软件组领导', 8, 1, '', NULL, '2020-10-26 23:34:05', '2020-10-26 23:34:05');

-- ----------------------------
-- Table structure for sys_role_menu
-- ----------------------------
DROP TABLE IF EXISTS `sys_role_menu`;
CREATE TABLE `sys_role_menu`  (
  `id` bigint(20) UNSIGNED NOT NULL AUTO_INCREMENT COMMENT '主键',
  `role_id` bigint(20) NOT NULL COMMENT '角色ID',
  `menu_id` bigint(20) NOT NULL COMMENT '菜单ID',
  PRIMARY KEY (`id`) USING BTREE
) ENGINE = InnoDB AUTO_INCREMENT = 138 CHARACTER SET = utf8mb4 COLLATE = utf8mb4_general_ci COMMENT = '角色菜单表' ROW_FORMAT = Compact;

-- ----------------------------
-- Records of sys_role_menu
-- ----------------------------
INSERT INTO `sys_role_menu` VALUES (1, 3, 7);
INSERT INTO `sys_role_menu` VALUES (2, 3, 9);
INSERT INTO `sys_role_menu` VALUES (3, 3, 1);
INSERT INTO `sys_role_menu` VALUES (4, 3, 2);
INSERT INTO `sys_role_menu` VALUES (5, 3, 10);
INSERT INTO `sys_role_menu` VALUES (6, 3, 12);
INSERT INTO `sys_role_menu` VALUES (7, 3, 11);
INSERT INTO `sys_role_menu` VALUES (8, 3, 23);
INSERT INTO `sys_role_menu` VALUES (9, 3, 5);
INSERT INTO `sys_role_menu` VALUES (10, 3, 20);
INSERT INTO `sys_role_menu` VALUES (11, 3, 21);
INSERT INTO `sys_role_menu` VALUES (12, 3, 22);
INSERT INTO `sys_role_menu` VALUES (13, 3, 3);
INSERT INTO `sys_role_menu` VALUES (14, 3, 13);
INSERT INTO `sys_role_menu` VALUES (15, 3, 14);
INSERT INTO `sys_role_menu` VALUES (16, 3, 15);
INSERT INTO `sys_role_menu` VALUES (17, 3, 4);
INSERT INTO `sys_role_menu` VALUES (18, 3, 16);
INSERT INTO `sys_role_menu` VALUES (19, 3, 17);
INSERT INTO `sys_role_menu` VALUES (20, 3, 18);
INSERT INTO `sys_role_menu` VALUES (21, 3, 19);
INSERT INTO `sys_role_menu` VALUES (22, 3, 24);
INSERT INTO `sys_role_menu` VALUES (23, 3, 25);
INSERT INTO `sys_role_menu` VALUES (24, 3, 26);
INSERT INTO `sys_role_menu` VALUES (25, 5, 1);
INSERT INTO `sys_role_menu` VALUES (26, 5, 2);
INSERT INTO `sys_role_menu` VALUES (27, 5, 5);
INSERT INTO `sys_role_menu` VALUES (28, 5, 3);
INSERT INTO `sys_role_menu` VALUES (29, 5, 4);
INSERT INTO `sys_role_menu` VALUES (30, 5, 7);
INSERT INTO `sys_role_menu` VALUES (31, 5, 25);
INSERT INTO `sys_role_menu` VALUES (32, 5, 26);
INSERT INTO `sys_role_menu` VALUES (33, 5, 24);
INSERT INTO `sys_role_menu` VALUES (34, 3, 27);
INSERT INTO `sys_role_menu` VALUES (35, 3, 30);
INSERT INTO `sys_role_menu` VALUES (36, 3, 28);
INSERT INTO `sys_role_menu` VALUES (37, 3, 29);
INSERT INTO `sys_role_menu` VALUES (38, 3, 31);
INSERT INTO `sys_role_menu` VALUES (39, 3, 32);
INSERT INTO `sys_role_menu` VALUES (40, 3, 33);
INSERT INTO `sys_role_menu` VALUES (41, 3, 34);
INSERT INTO `sys_role_menu` VALUES (42, 3, 35);
INSERT INTO `sys_role_menu` VALUES (43, 3, 36);
INSERT INTO `sys_role_menu` VALUES (44, 4, 7);
INSERT INTO `sys_role_menu` VALUES (45, 4, 9);
INSERT INTO `sys_role_menu` VALUES (46, 3, 37);
INSERT INTO `sys_role_menu` VALUES (47, 3, 39);
INSERT INTO `sys_role_menu` VALUES (48, 3, 38);
INSERT INTO `sys_role_menu` VALUES (49, 3, 40);
INSERT INTO `sys_role_menu` VALUES (50, 3, 41);
INSERT INTO `sys_role_menu` VALUES (51, 3, 47);
INSERT INTO `sys_role_menu` VALUES (52, 3, 48);
INSERT INTO `sys_role_menu` VALUES (53, 3, 49);
INSERT INTO `sys_role_menu` VALUES (54, 3, 50);
INSERT INTO `sys_role_menu` VALUES (55, 3, 51);
INSERT INTO `sys_role_menu` VALUES (56, 3, 52);
INSERT INTO `sys_role_menu` VALUES (57, 3, 53);
INSERT INTO `sys_role_menu` VALUES (58, 3, 54);
INSERT INTO `sys_role_menu` VALUES (59, 3, 55);
INSERT INTO `sys_role_menu` VALUES (60, 3, 56);
INSERT INTO `sys_role_menu` VALUES (61, 3, 45);
INSERT INTO `sys_role_menu` VALUES (62, 3, 57);
INSERT INTO `sys_role_menu` VALUES (63, 3, 58);
INSERT INTO `sys_role_menu` VALUES (64, 3, 59);
INSERT INTO `sys_role_menu` VALUES (65, 3, 60);
INSERT INTO `sys_role_menu` VALUES (66, 3, 46);
INSERT INTO `sys_role_menu` VALUES (67, 3, 42);
INSERT INTO `sys_role_menu` VALUES (68, 3, 43);
INSERT INTO `sys_role_menu` VALUES (69, 3, 44);
INSERT INTO `sys_role_menu` VALUES (70, 10, 40);
INSERT INTO `sys_role_menu` VALUES (71, 10, 41);
INSERT INTO `sys_role_menu` VALUES (72, 10, 47);
INSERT INTO `sys_role_menu` VALUES (73, 10, 48);
INSERT INTO `sys_role_menu` VALUES (74, 10, 49);
INSERT INTO `sys_role_menu` VALUES (75, 10, 50);
INSERT INTO `sys_role_menu` VALUES (76, 10, 51);
INSERT INTO `sys_role_menu` VALUES (77, 10, 52);
INSERT INTO `sys_role_menu` VALUES (78, 10, 53);
INSERT INTO `sys_role_menu` VALUES (79, 10, 54);
INSERT INTO `sys_role_menu` VALUES (80, 10, 55);
INSERT INTO `sys_role_menu` VALUES (81, 10, 56);
INSERT INTO `sys_role_menu` VALUES (82, 10, 45);
INSERT INTO `sys_role_menu` VALUES (83, 10, 57);
INSERT INTO `sys_role_menu` VALUES (84, 10, 58);
INSERT INTO `sys_role_menu` VALUES (85, 10, 59);
INSERT INTO `sys_role_menu` VALUES (86, 10, 60);
INSERT INTO `sys_role_menu` VALUES (87, 10, 46);
INSERT INTO `sys_role_menu` VALUES (88, 10, 42);
INSERT INTO `sys_role_menu` VALUES (89, 10, 43);
INSERT INTO `sys_role_menu` VALUES (90, 10, 44);
INSERT INTO `sys_role_menu` VALUES (91, 11, 40);
INSERT INTO `sys_role_menu` VALUES (92, 11, 41);
INSERT INTO `sys_role_menu` VALUES (93, 11, 47);
INSERT INTO `sys_role_menu` VALUES (94, 11, 48);
INSERT INTO `sys_role_menu` VALUES (95, 11, 49);
INSERT INTO `sys_role_menu` VALUES (96, 11, 50);
INSERT INTO `sys_role_menu` VALUES (97, 11, 51);
INSERT INTO `sys_role_menu` VALUES (98, 11, 52);
INSERT INTO `sys_role_menu` VALUES (99, 11, 53);
INSERT INTO `sys_role_menu` VALUES (100, 11, 54);
INSERT INTO `sys_role_menu` VALUES (101, 11, 55);
INSERT INTO `sys_role_menu` VALUES (102, 11, 56);
INSERT INTO `sys_role_menu` VALUES (103, 11, 45);
INSERT INTO `sys_role_menu` VALUES (104, 11, 57);
INSERT INTO `sys_role_menu` VALUES (105, 11, 58);
INSERT INTO `sys_role_menu` VALUES (106, 11, 59);
INSERT INTO `sys_role_menu` VALUES (107, 11, 60);
INSERT INTO `sys_role_menu` VALUES (108, 11, 46);
INSERT INTO `sys_role_menu` VALUES (109, 11, 42);
INSERT INTO `sys_role_menu` VALUES (110, 11, 43);
INSERT INTO `sys_role_menu` VALUES (111, 11, 44);
INSERT INTO `sys_role_menu` VALUES (112, 3, 61);
INSERT INTO `sys_role_menu` VALUES (113, 3, 62);
INSERT INTO `sys_role_menu` VALUES (114, 3, 65);
INSERT INTO `sys_role_menu` VALUES (115, 3, 64);
INSERT INTO `sys_role_menu` VALUES (116, 3, 63);
INSERT INTO `sys_role_menu` VALUES (117, 9, 40);
INSERT INTO `sys_role_menu` VALUES (118, 9, 41);
INSERT INTO `sys_role_menu` VALUES (119, 9, 47);
INSERT INTO `sys_role_menu` VALUES (120, 9, 48);
INSERT INTO `sys_role_menu` VALUES (121, 9, 49);
INSERT INTO `sys_role_menu` VALUES (122, 9, 50);
INSERT INTO `sys_role_menu` VALUES (123, 9, 51);
INSERT INTO `sys_role_menu` VALUES (124, 9, 52);
INSERT INTO `sys_role_menu` VALUES (125, 9, 53);
INSERT INTO `sys_role_menu` VALUES (126, 9, 54);
INSERT INTO `sys_role_menu` VALUES (127, 9, 55);
INSERT INTO `sys_role_menu` VALUES (128, 9, 56);
INSERT INTO `sys_role_menu` VALUES (129, 9, 45);
INSERT INTO `sys_role_menu` VALUES (130, 9, 57);
INSERT INTO `sys_role_menu` VALUES (131, 9, 58);
INSERT INTO `sys_role_menu` VALUES (132, 9, 59);
INSERT INTO `sys_role_menu` VALUES (133, 9, 60);
INSERT INTO `sys_role_menu` VALUES (134, 9, 46);
INSERT INTO `sys_role_menu` VALUES (135, 9, 42);
INSERT INTO `sys_role_menu` VALUES (136, 9, 43);
INSERT INTO `sys_role_menu` VALUES (137, 9, 44);

-- ----------------------------
-- Table structure for sys_user
-- ----------------------------
DROP TABLE IF EXISTS `sys_user`;
CREATE TABLE `sys_user`  (
  `id` bigint(20) UNSIGNED NOT NULL AUTO_INCREMENT COMMENT '主键',
  `dept_id` bigint(20) NOT NULL COMMENT '归属部门',
  `username` varchar(30) CHARACTER SET utf8mb4 COLLATE utf8mb4_general_ci NOT NULL COMMENT '登录名',
  `password` varchar(50) CHARACTER SET utf8mb4 COLLATE utf8mb4_general_ci NOT NULL COMMENT '密码',
  `realname` varchar(10) CHARACTER SET utf8mb4 COLLATE utf8mb4_general_ci NOT NULL COMMENT '姓名',
  `sex` tinyint(2) NOT NULL DEFAULT 0 COMMENT '性别。0：未知；1：男；2：女',
  `phone` varchar(20) CHARACTER SET utf8mb4 COLLATE utf8mb4_general_ci NULL DEFAULT NULL COMMENT '手机号码',
  `tel` varchar(30) CHARACTER SET utf8mb4 COLLATE utf8mb4_general_ci NULL DEFAULT NULL COMMENT '固定电话',
  `email` varchar(200) CHARACTER SET utf8mb4 COLLATE utf8mb4_general_ci NULL DEFAULT NULL COMMENT '邮箱',
  `avatar` varchar(300) CHARACTER SET utf8mb4 COLLATE utf8mb4_general_ci NULL DEFAULT NULL COMMENT '用户头像',
  `job_title` varchar(30) CHARACTER SET utf8mb4 COLLATE utf8mb4_general_ci NULL DEFAULT NULL COMMENT '职务名称',
  `status` tinyint(2) NOT NULL DEFAULT 0 COMMENT '用户状态。0：正常；1：禁用',
  `sort` int(11) NOT NULL DEFAULT 0 COMMENT '排序。值越小越靠前',
  `del_flag` int(11) NOT NULL DEFAULT 0 COMMENT '删除标识。0：未删除；1：已删除',
  `create_by` bigint(20) NULL DEFAULT NULL COMMENT '创建人',
  `update_time` timestamp(0) NOT NULL DEFAULT CURRENT_TIMESTAMP ON UPDATE CURRENT_TIMESTAMP(0) COMMENT '更新时间',
  `create_time` timestamp(0) NOT NULL DEFAULT CURRENT_TIMESTAMP COMMENT '创建时间',
  PRIMARY KEY (`id`) USING BTREE
) ENGINE = InnoDB AUTO_INCREMENT = 7 CHARACTER SET = utf8mb4 COLLATE = utf8mb4_general_ci COMMENT = '用户表' ROW_FORMAT = Compact;

-- ----------------------------
-- Records of sys_user
-- ----------------------------
INSERT INTO `sys_user` VALUES (1, 3, 'admin', 'e10adc3949ba59abbe56e057f20f883e', '系统管理员', 1, '18218798428', '123', '123', 'static/image/avatar/tz.jpeg', '超级管理员', 0, 0, 0, NULL, '2019-05-19 17:39:12', '2019-04-30 22:44:17');
INSERT INTO `sys_user` VALUES (2, 2, 'dev', 'e10adc3949ba59abbe56e057f20f883e', '开发人员', 2, '18218798428', '131', '123', NULL, '开发人员', 0, 1, 0, NULL, '2019-05-19 18:34:16', '2019-05-02 12:22:38');
INSERT INTO `sys_user` VALUES (3, 2, 'test', 'e10adc3949ba59abbe56e057f20f883e', '测试账号', 2, '18218798428', '131', '123', NULL, '测试', 0, 1, 0, NULL, '2019-05-19 18:34:16', '2019-05-02 12:22:38');
INSERT INTO `sys_user` VALUES (4, 3, 'java-a', 'e10adc3949ba59abbe56e057f20f883e', 'java-a', 1, '', '', '', NULL, 'java编程', 0, 0, 0, NULL, '2020-10-26 23:34:56', '2020-10-26 23:34:49');
INSERT INTO `sys_user` VALUES (5, 3, 'hr1', 'e10adc3949ba59abbe56e057f20f883e', 'hr1', 2, '', '', '', NULL, '人力资源', 0, 0, 0, NULL, '2020-10-26 23:35:30', '2020-10-26 23:35:24');
INSERT INTO `sys_user` VALUES (6, 3, '分管领导a', 'e10adc3949ba59abbe56e057f20f883e', '分管领导a', 1, '', '', '', NULL, '软件组领导', 0, 0, 0, NULL, '2020-10-26 23:36:07', '2020-10-26 23:36:00');

-- ----------------------------
-- Table structure for sys_user_role
-- ----------------------------
DROP TABLE IF EXISTS `sys_user_role`;
CREATE TABLE `sys_user_role`  (
  `id` bigint(20) UNSIGNED NOT NULL AUTO_INCREMENT COMMENT '主键',
  `user_id` bigint(20) NULL DEFAULT NULL COMMENT '用户ID',
  `role_id` bigint(20) NULL DEFAULT NULL COMMENT '角色ID',
  `create_time` timestamp(0) NOT NULL DEFAULT CURRENT_TIMESTAMP COMMENT '创建时间',
  PRIMARY KEY (`id`) USING BTREE
) ENGINE = InnoDB AUTO_INCREMENT = 7 CHARACTER SET = utf8mb4 COLLATE = utf8mb4_general_ci COMMENT = '用户与角色对应关系' ROW_FORMAT = Compact;

-- ----------------------------
-- Records of sys_user_role
-- ----------------------------
INSERT INTO `sys_user_role` VALUES (1, 1, 3, '2019-05-09 22:06:16');
INSERT INTO `sys_user_role` VALUES (2, 2, 5, '2019-05-10 21:25:08');
INSERT INTO `sys_user_role` VALUES (3, 3, 4, '2019-05-10 21:25:08');
INSERT INTO `sys_user_role` VALUES (4, 4, 9, '2020-10-26 23:34:49');
INSERT INTO `sys_user_role` VALUES (5, 5, 10, '2020-10-26 23:35:24');
INSERT INTO `sys_user_role` VALUES (6, 6, 11, '2020-10-26 23:36:00');

-- ----------------------------
-- Table structure for wf_form
-- ----------------------------
DROP TABLE IF EXISTS `wf_form`;
CREATE TABLE `wf_form`  (
  `id` bigint(20) NOT NULL AUTO_INCREMENT COMMENT '主键',
  `code` varchar(50) CHARACTER SET utf8 COLLATE utf8_general_ci NOT NULL COMMENT '表单代号',
  `name` varchar(50) CHARACTER SET utf8 COLLATE utf8_general_ci NOT NULL COMMENT '表单名称',
  `type` tinyint(2) NOT NULL DEFAULT 0 COMMENT '表单类型。0：简单表单；1：复杂表单；',
  `theme` varchar(50) CHARACTER SET utf8 COLLATE utf8_general_ci NULL DEFAULT NULL COMMENT '表单主题。不配置默认为表单名称',
  `design_data` text CHARACTER SET utf8 COLLATE utf8_general_ci NULL COMMENT '表单设计数据。',
  `js_code` text CHARACTER SET utf8 COLLATE utf8_general_ci NULL COMMENT '表单js代码。仅当复杂表单才有',
  `create_time` datetime(0) NOT NULL DEFAULT CURRENT_TIMESTAMP COMMENT '创建时间',
  `update_time` datetime(0) NOT NULL DEFAULT CURRENT_TIMESTAMP ON UPDATE CURRENT_TIMESTAMP(0) COMMENT '更新时间',
  PRIMARY KEY (`id`) USING BTREE
) ENGINE = InnoDB AUTO_INCREMENT = 13 CHARACTER SET = utf8 COLLATE = utf8_general_ci COMMENT = '表单设计表' ROW_FORMAT = Dynamic;

-- ----------------------------
-- Records of wf_form
-- ----------------------------
INSERT INTO `wf_form` VALUES (11, 'FS_202012106014', '出单申请单', 0, '出差申请单', '{&quot2020121009453014&quot:{&quotid&quot:2020121009453014,&quotfieldName&quot:&quot申请人&quot,&quotfield&quot:&quoteve_man&quot,&quotcontrol&quot:&quotinput&quot,&quotrequired&quot:&quot1&quot,&quotoptions&quot:{}},&quot2020121009461212&quot:{&quotid&quot:2020121009461212,&quotfieldName&quot:&quot申请时间&quot,&quotfield&quot:&quoteve_time&quot,&quotcontrol&quot:&quotdate&quot,&quotrequired&quot:&quot1&quot,&quotoptions&quot:{}},&quot2020121009462617&quot:{&quotid&quot:2020121009462617,&quotfieldName&quot:&quot申请原因&quot,&quotfield&quot:&quoteve_cause&quot,&quotcontrol&quot:&quotinput&quot,&quotrequired&quot:&quot1&quot,&quotoptions&quot:{}}}', NULL, '2020-12-10 09:47:05', '2020-12-10 09:47:49');
INSERT INTO `wf_form` VALUES (12, 'FS_202012167823', '111', 0, '', '{&quot2020121612012114&quot:{&quotid&quot:2020121612012114,&quotfieldName&quot:&quot111&quot,&quotfield&quot:&quot1111&quot,&quotcontrol&quot:&quotinput&quot,&quotrequired&quot:&quot1&quot,&quotoptions&quot:{}}}', NULL, '2020-12-16 12:01:57', '2020-12-16 12:01:57');

-- ----------------------------
-- Table structure for wf_process_form
-- ----------------------------
DROP TABLE IF EXISTS `wf_process_form`;
CREATE TABLE `wf_process_form`  (
  `id` bigint(20) NOT NULL AUTO_INCREMENT COMMENT '主键',
  `model_id` varchar(20) CHARACTER SET utf8 COLLATE utf8_general_ci NOT NULL COMMENT '流程模型ID',
  `form_code` varchar(50) CHARACTER SET utf8 COLLATE utf8_general_ci NOT NULL COMMENT '表单代号',
  PRIMARY KEY (`id`) USING BTREE
) ENGINE = InnoDB AUTO_INCREMENT = 2 CHARACTER SET = utf8 COLLATE = utf8_general_ci COMMENT = '流程表单关联表' ROW_FORMAT = Dynamic;

-- ----------------------------
-- Records of wf_process_form
-- ----------------------------
INSERT INTO `wf_process_form` VALUES (1, '5001', 'FS_202012106014');

-- ----------------------------
-- Table structure for wode_stuts
-- ----------------------------
DROP TABLE IF EXISTS `wode_stuts`;
CREATE TABLE `wode_stuts`  (
  `id` int(11) NOT NULL AUTO_INCREMENT COMMENT 'id',
  `name` varchar(255) CHARACTER SET utf8mb4 COLLATE utf8mb4_general_ci NULL DEFAULT NULL COMMENT 'name',
  PRIMARY KEY (`id`) USING BTREE
) ENGINE = InnoDB AUTO_INCREMENT = 1 CHARACTER SET = utf8mb4 COLLATE = utf8mb4_general_ci COMMENT = '学生表' ROW_FORMAT = Dynamic;

SET FOREIGN_KEY_CHECKS = 1;
